Date,Experiment,Cell,Wave_No,Linescan,Treatment,Condition,Inc_time_min,Animal,Animal_No,filename,Blank_SR_col,SR_tau,SR_T50,SR_DFF0,SR_Baseline,SR_Notes,For_Analysis
2019-07-18,P1 CS2,A,W1,LS2,Vehicle,Control,0,CPVT-HET,6033,20190718 P1 CS2 Cell A0002.oib,NA,2200.496,530.019,0.84,1.392,NA,TRUE
2019-07-18,P1 CS2,A,W2,LS3,Vehicle,Control,0,CPVT-HET,6033,20190718 P1 CS2 Cell A0003.oib,NA,2200.049,484.383,1.117,1.569,NA,TRUE
2019-07-18,P1 CS2,A,W3,LS3,Vehicle,Control,0,CPVT-HET,6033,20190718 P1 CS2 Cell A0003.oib,NA,2164.92,573.24,1.009,1.488,NA,TRUE
2019-07-18,P1 CS2,A,W4,LS3,Vehicle,Control,0,CPVT-HET,6033,20190718 P1 CS2 Cell A0003.oib,NA,1966.022,470.955,0.866,1.432,NA,TRUE
2019-07-18,P1 CS2,A,W5,LS3,Vehicle,Control,0,CPVT-HET,6033,20190718 P1 CS2 Cell A0003.oib,NA,2167.218,426.497,0.831,1.43,NA,TRUE
2019-07-18,P1 CS2,A,W1,LS4,Vehicle,Vehicle,3,CPVT-HET,6033,20190718 P1 CS2 Cell A0004.oib,NA,1851.956,560.679,0.923,1.707,NA,TRUE
2019-07-18,P1 CS2,A,W2,LS4,Vehicle,Vehicle,3,CPVT-HET,6033,20190718 P1 CS2 Cell A0004.oib,NA,2168.46,634.287,0.933,1.696,NA,TRUE
2019-07-18,P1 CS2,A,W3,LS5,Vehicle,Vehicle,3,CPVT-HET,6033,20190718 P1 CS2 Cell A0005.oib,NA,2141.298,578.286,0.812,1.619,NA,TRUE
2019-07-18,P2 CS1,A,W1,LS2,cAMP,Control,0,CPVT-HET,6033,20190718 P2 CS1 Cell A0002.oib,NA,1743.198,215.009,0.259,0.54,NA,TRUE
2019-07-18,P2 CS1,A,W2,LS2,cAMP,Control,0,CPVT-HET,6033,20190718 P2 CS1 Cell A0002.oib,NA,1870.446,588.463,0.293,0.548,NA,TRUE
2019-07-18,P2 CS1,A,W3,LS3,cAMP,Control,0,CPVT-HET,6033,20190718 P2 CS1 Cell A0003.oib,NA,2452.189,511.727,0.265,0.565,NA,TRUE
2019-07-18,P2 CS1,A,W4,LS3,cAMP,Control,0,CPVT-HET,6033,20190718 P2 CS1 Cell A0003.oib,NA,2069.517,649.072,0.253,0.543,NA,TRUE
2019-07-18,P2 CS1,A,W1,LS4,cAMP,cAMP,3,CPVT-HET,6033,20190718 P2 CS1 Cell A0004.oib,NA,1069.977,229.054,0.245,0.594,NA,TRUE
2019-07-18,P2 CS1,A,W2,LS5,cAMP,cAMP,3,CPVT-HET,6033,20190718 P2 CS1 Cell A0005.oib,NA,2172.503,372.654,0.266,0.532,NA,TRUE
2019-07-18,P2 CS1,A,W3,LS5,cAMP,cAMP,3,CPVT-HET,6033,20190718 P2 CS1 Cell A0005.oib,NA,1800.711,440.664,0.277,0.551,NA,TRUE
2019-07-18,P2 CS1,A,W4,LS6,cAMP,cAMP,3,CPVT-HET,6033,20190718 P2 CS1 Cell A0006.oib,NA,1970.443,473.704,0.159,0.498,NA,TRUE
2019-07-18,P2 CS1,A,W5,LS6,cAMP,cAMP,3,CPVT-HET,6033,20190718 P2 CS1 Cell A0006.oib,NA,2001.135,191.292,0.278,0.527,"a bit o movement artifact, do not take the tau value from this wave, only speed and amplitude",TRUE
2019-07-18,P2 CS2,A,W1,LS2,cAMP,Control,0,CPVT-HET,6033,20190718 P2 CS2 Cell A0002.oib,NA,2069.097,515.247,0.235,0.755,NA,TRUE
2019-07-18,P2 CS2,A,W2,LS2,cAMP,Control,0,CPVT-HET,6033,20190718 P2 CS2 Cell A0002.oib,NA,3357.438,617.684,0.238,0.707,"Tau a bit too large, may be I took a roi to large for wave analysis?",TRUE
2019-07-18,P2 CS2,A,W3,LS3,cAMP,Control,0,CPVT-HET,6033,20190718 P2 CS2 Cell A0003.oib,NA,2279.906,228.84,0.325,0.679,aparently changing the tau value between waves during PB correction will change dramatically the output kinetics of waves analysis: keep always the same Tau for all waves during PB correction!,TRUE
2019-07-18,P2 CS2,A,W4,LS3,cAMP,Control,0,CPVT-HET,6033,20190718 P2 CS2 Cell A0003.oib,NA,2168.915,664.433,0.348,0.631,NA,TRUE
2019-07-18,P2 CS2,A,W5,LS3,cAMP,Control,0,CPVT-HET,6033,20190718 P2 CS2 Cell A0003.oib,NA,-25924.139,499.382,0.32,0.695,Tau calculation not good. Ask Miguel.,TRUE
2019-07-18,P2 CS2,A,W1,LS4,cAMP,cAMP,3,CPVT-HET,6033,20190718 P2 CS2 Cell A0004.oib,NA,1522.94,430.693,0.35,0.774,NA,TRUE
2019-07-18,P2 CS2,A,W2,LS4,cAMP,cAMP,3,CPVT-HET,6033,20190718 P2 CS2 Cell A0004.oib,NA,1303.435,503.752,0.383,0.781,NA,TRUE
2019-07-18,P2 CS2,A,W3,LS5,cAMP,cAMP,3,CPVT-HET,6033,20190718 P2 CS2 Cell A0005.oib,NA,1397.029,228.454,0.332,0.683,NA,TRUE
2019-07-18,P2 CS2,A,W4,LS5,cAMP,cAMP,3,CPVT-HET,6033,20190718 P2 CS2 Cell A0005.oib,NA,2157.777,374.6,0.273,0.679,NA,TRUE
2019-07-18,P2 CS2,A,W5,LS6,cAMP,cAMP,3,CPVT-HET,6033,20190718 P2 CS2 Cell A0006.oib,NA,1535.563,100.98,0.264,0.65,NA,TRUE
2019-07-18,P2 CS2,A,W6,LS6,cAMP,cAMP,3,CPVT-HET,6033,20190718 P2 CS2 Cell A0006.oib,NA,2294.433,390.94,0.27,0.694,Why Tau so slow?,TRUE
2019-07-18,P2 CS3,A,W1,LS3,Vehicle,Control,0,CPVT-HET,6033,20190718 P2 CS3 Cell A0003.oib,NA,1519.155,535.269,0.27,0.568,NA,TRUE
2019-07-18,P2 CS3,A,W2,LS3,Vehicle,Control,0,CPVT-HET,6033,20190718 P2 CS3 Cell A0003.oib,NA,2390.577,526.803,0.255,0.546,NA,TRUE
2019-07-18,P2 CS3,A,W1,LS4,Vehicle,Vehicle,3,CPVT-HET,6033,20190718 P2 CS3 Cell A0004.oib,NA,1358.002,344.468,0.257,0.541,NA,TRUE
2019-07-18,P2 CS3,A,W1,LS6,Vehicle,Vehicle,3,CPVT-HET,6033,20190718 P2 CS3 Cell A0006.oib,NA,3848.98,287.963,0.263,0.474,NA,TRUE
2019-08-20,P1 CS1,A,W1,LS2,cAMP,Control,0,CPVT-HET,6358,20190820 P1 CS1 Cell A0002.oib,NA,-3437.329,349.046,0.27,0.584,negative tau? May be double check,TRUE
2019-08-20,P1 CS1,A,W2,LS2,cAMP,Control,0,CPVT-HET,6358,20190820 P1 CS1 Cell A0002.oib,NA,1905.829,291.47,0.234,0.419,nice fit.,TRUE
2019-08-20,P1 CS1,A,W1,LS3,cAMP,Control,0,CPVT-HET,6358,20190820 P1 CS1 Cell A0003.oib,NA,929.019,261.507,0.247,0.542,tau so small? Why? No very consistent!!!,TRUE
2019-08-20,P1 CS1,A,W2,LS3,cAMP,Control,0,CPVT-HET,6358,20190820 P1 CS1 Cell A0003.oib,NA,14772.194,210.748,0.214,0.481,tau way too large why?????,TRUE
2019-08-20,P1 CS1,A,W1,LS4,cAMP,Control,0,CPVT-HET,6358,20190820 P1 CS1 Cell A0004.oib,NA,1827.052,154.36,0.164,0.412,NA,TRUE
2019-08-20,P1 CS1,A,W2,LS4,cAMP,Control,0,CPVT-HET,6358,20190820 P1 CS1 Cell A0004.oib,NA,576.912,142.987,0.189,0.416,tau so small?,TRUE
2019-08-20,P1 CS1,A,W1,LS5,cAMP,cAMP,3,CPVT-HET,6358,20190820 P1 CS1 Cell A0005.oib,NA,1145.721,116.089,0.15,0.469,NA,TRUE
2019-08-20,P1 CS1,A,W2,LS5,cAMP,cAMP,3,CPVT-HET,6358,20190820 P1 CS1 Cell A0005.oib,NA,-3966.245,208.717,0.183,0.444,Tau calculation Crazy again,TRUE
2019-08-20,P1 CS1,A,W1,LS6,cAMP,cAMP,3,CPVT-HET,6358,20190820 P1 CS1 Cell A0006.oib,NA,13.302,11.807,0.127,0.355,no good tau fit,TRUE
2019-08-20,P1 CS1,A,W2,LS6,cAMP,cAMP,3,CPVT-HET,6358,20190820 P1 CS1 Cell A0006.oib,NA,1043.242,141.746,0.157,0.433,it looks like nice fit,TRUE
2019-08-20,P1 CS1,A,W3,LS6,cAMP,cAMP,3,CPVT-HET,6358,20190820 P1 CS1 Cell A0006.oib,NA,515.906,175.804,0.172,0.413,nice wave/ nice fit,TRUE
2019-08-20,P1 CS1,A,W4,LS6,cAMP,cAMP,3,CPVT-HET,6358,20190820 P1 CS1 Cell A0006.oib,NA,1476.979,288.203,0.139,0.357,tau to large?,TRUE
2019-08-20,P1 CS2,A,W1,LS2,cAMP,Control,0,CPVT-HET,6358,20190820 P1 CS2 Cell A0002.oib,NA,2750.69,386.829,0.238,0.639,nice fitting. Nice signal,TRUE
2019-08-20,P1 CS2,A,W2,LS2,cAMP,Control,0,CPVT-HET,6358,20190820 P1 CS2 Cell A0002.oib,NA,5618.363,385.817,0.166,0.301,pritty long even though looks ok,TRUE
2019-08-20,P1 CS2,A,W1,LS3,cAMP,Control,0,CPVT-HET,6358,20190820 P1 CS2 Cell A0003.oib,NA,992.156,260.453,0.176,0.326,A little bit too fast tau,TRUE
2019-08-20,P1 CS2,A,W2,LS3,cAMP,Control,0,CPVT-HET,6358,20190820 P1 CS2 Cell A0003.oib,NA,1532.725,400.389,0.172,0.329,very nice fitting/signal. Miniwave/sidewave,TRUE
2019-08-20,P1 CS2,A,W1,LS4,cAMP,Control,0,CPVT-HET,6358,20190820 P1 CS2 Cell A0004.oib,NA,1970.301,186.468,0.151,0.33,nice bult a bit decreasing the signal,TRUE
2019-08-20,P1 CS2,A,W2,LS4,cAMP,Control,0,CPVT-HET,6358,20190820 P1 CS2 Cell A0004.oib,NA,2260.355,356.997,0.192,0.354,nice,TRUE
2019-08-20,P1 CS2,A,W1,LS5,cAMP,cAMP,3,CPVT-HET,6358,20190820 P1 CS2 Cell A0005.oib,NA,1178.628,313.216,0.155,0.386,nice.,TRUE
2019-08-20,P1 CS2,A,W2,LS5,cAMP,cAMP,3,CPVT-HET,6358,20190820 P1 CS2 Cell A0005.oib,NA,845.451,266.719,0.189,0.351,nice trace. Nice fit,TRUE
2019-08-20,P1 CS2,A,W1,LS6,cAMP,cAMP,3,CPVT-HET,6358,20190820 P1 CS2 Cell A0006.oib,NA,-166.866,180.68,0.148,0.34,negative tau and a bit noisy signal. May be no so good. Bad fitting,TRUE
2019-08-20,P1 CS2,A,W2,LS6,cAMP,cAMP,3,CPVT-HET,6358,20190820 P1 CS2 Cell A0006.oib,NA,216244.211,219.442,0.174,0.316,bad tau fitting.,TRUE
2019-08-20,P1 CS2,A,W1,LS7,cAMP,cAMP,5,CPVT-HET,6358,20190820 P1 CS2 Cell A0007.oib,NA,1217.992,317.766,0.173,0.365,good fit,TRUE
2019-08-20,P1 CS2,A,W2,LS7,cAMP,cAMP,5,CPVT-HET,6358,20190820 P1 CS2 Cell A0007.oib,NA,458.258,-20.575,0.173,0.344,a bit short trace taken for analysis compared for the group.,TRUE
2019-08-20,P1 CS2,A,W1,LS8,cAMP,cAMP,5,CPVT-HET,6358,20190820 P1 CS2 Cell A0008.oib,NA,2811.465,247.459,0.176,0.312,very nice trace but a bit long fit,TRUE
2019-08-20,P1 CS2,A,W2,LS8,cAMP,cAMP,5,CPVT-HET,6358,20190820 P1 CS2 Cell A0008.oib,NA,994.799,250.834,0.148,0.312,nice fit value even though a bit low signal.,TRUE
2019-08-20,P3 CS3,A,W1,LS2,Vehicle,Control,0,CPVT-HET,6358,20190820 P3 CS3 Cell A0002.oib,NA,1866.871,363.967,0.327,0.536,no fitted baseline. Nice fit,TRUE
2019-08-20,P3 CS3,A,W2,LS2,Vehicle,Control,0,CPVT-HET,6358,20190820 P3 CS3 Cell A0002.oib,NA,2522.922,397.994,0.372,0.495,no fitted baseline. Long tau value?,TRUE
2019-08-20,P3 CS3,A,W1,LS3,Vehicle,Control,0,CPVT-HET,6358,20190820 P3 CS3 Cell A0003.oib,NA,2242.421,346.912,0.391,0.49,no fitted baseline.,TRUE
2019-08-20,P3 CS3,A,W2,LS3,Vehicle,Control,0,CPVT-HET,6358,20190820 P3 CS3 Cell A0003.oib,NA,3243.673,364.165,0.371,0.519,NA,TRUE
2019-08-20,P3 CS3,A,W1,LS6,Vehicle,Vehicle,3,CPVT-HET,6358,20190820 P3 CS3 Cell A0006.oib,NA,4453.92,476.635,0.3,0.714,a bit high tau?,TRUE
2019-08-20,P3 CS3,A,W2,LS6,Vehicle,Vehicle,3,CPVT-HET,6358,20190820 P3 CS3 Cell A0006.oib,NA,617.629,247.5,0.324,0.617,fit too fast. Due may be to truncated wave?,TRUE
2019-08-20,P3 CS3,A,W1,LS7,Vehicle,Vehicle,3,CPVT-HET,6358,20190820 P3 CS3 Cell A0007.oib,NA,2380.662,343.453,0.295,0.646,NA,TRUE
2019-08-20,P3 CS3,A,W2,LS7,Vehicle,Vehicle,3,CPVT-HET,6358,20190820 P3 CS3 Cell A0007.oib,NA,2362.339,371.688,0.308,0.585,strange baseline fit. No baseline fitted.,TRUE
2019-08-20,P3 CS4,A,W1,LS2,cAMP,Control,0,CPVT-HET,6358,20190820 P3 CS4 Cell A0002.oib,NA,1733.035,428.089,0.324,0.419,super nice trace. May be because it is the first. Ice fit. No baseline fitted.,TRUE
2019-08-20,P3 CS4,A,W2,LS2,cAMP,Control,0,CPVT-HET,6358,20190820 P3 CS4 Cell A0002.oib,NA,1626.6,448.811,0.24,0.3,the tau fit looks correct.,TRUE
2019-08-20,P3 CS4,A,W1,LS3,cAMP,Control,0,CPVT-HET,6358,20190820 P3 CS4 Cell A0003.oib,NA,1457.886,202.86,0.323,0.356,very nice,TRUE
2019-08-20,P3 CS4,A,W1,LS4,cAMP,Control,0,CPVT-HET,6358,20190820 P3 CS4 Cell A0004.oib,NA,1535.542,375.587,0.373,0.445,nice fit. Of tau,TRUE
2019-08-20,P3 CS4,A,W2,LS4,cAMP,Control,0,CPVT-HET,6358,20190820 P3 CS4 Cell A0004.oib,NA,2916.028,415.281,0.327,0.451,tau a bit larger compared to their previous one,TRUE
2019-08-20,P3 CS4,A,W1,LS5,cAMP,cAMP,3,CPVT-HET,6358,20190820 P3 CS4 Cell A0005.oib,NA,1875.722,217.22,0.341,0.574,tau looks fast but the fitting does not seems to show it. May be recalculate.,TRUE
2019-08-20,P3 CS4,A,W2,LS5,cAMP,cAMP,3,CPVT-HET,6358,20190820 P3 CS4 Cell A0005.oib,NA,847.614,245.896,0.329,0.529,nice tau!. Very good tau fit.,TRUE
2019-08-20,P3 CS4,A,W1,LS6,cAMP,cAMP,3,CPVT-HET,6358,20190820 P3 CS4 Cell A0006.oib,NA,1782.761,369.315,0.288,0.536,super nice trace after alignment but still a bit too large the value for the tau fitting,TRUE
2019-08-20,P3 CS4,A,W2,LS6,cAMP,cAMP,3,CPVT-HET,6358,20190820 P3 CS4 Cell A0006.oib,NA,670.814,228.832,0.284,0.504,correct tau calculation. Nice,TRUE
2019-08-20,P3 CS4,A,W1,LS7,cAMP,cAMP,3,CPVT-HET,6358,20190820 P3 CS4 Cell A0007.oib,NA,1209.693,248.676,0.301,0.531,a bit high tau?,TRUE
2019-08-20,P3 CS4,A,W2,LS8,cAMP,cAMP,3,CPVT-HET,6358,20190820 P3 CS4 Cell A0007.oib,NA,1629.291,275.869,0.298,0.499,why it is incresing again?,TRUE
2019-08-20,P4 CS1,A,W1,LS2,cAMP,Control,0,CPVT-HET,6358,20190820 P4 CS1 Cell A0002.oib,NA,1333.741,254.695,0.289,0.419,NA,TRUE
2019-08-20,P4 CS1,A,W2,LS2,cAMP,Control,0,CPVT-HET,6358,20190820 P4 CS1 Cell A0002.oib,NA,3079.563,264.073,0.247,0.372,NA,TRUE
2019-08-20,P4 CS1,A,W1,LS3,cAMP,Control,0,CPVT-HET,6358,20190820 P4 CS1 Cell A0003.oib,NA,2216.298,208.971,0.26,0.318,NA,TRUE
2019-08-20,P4 CS1,A,W2,LS3,cAMP,Control,0,CPVT-HET,6358,20190820 P4 CS1 Cell A0003.oib,NA,674.181,175.631,0.237,0.306,short tau in this one.,TRUE
2019-08-20,P4 CS1,A,W1,LS5,cAMP,cAMP,3,CPVT-HET,6358,20190820 P4 CS1 Cell A0005.oib,NA,431.43,146.773,0.208,0.528,nice effect of cAMP. Nice fit,TRUE
2019-08-20,P4 CS1,A,W2,LS5,cAMP,cAMP,3,CPVT-HET,6358,20190820 P4 CS1 Cell A0005.oib,NA,719.82,113.085,0.283,0.536,NA,TRUE
2019-08-20,P4 CS1,A,W1,LS6,cAMP,cAMP,3,CPVT-HET,6358,20190820 P4 CS1 Cell A0006.oib,NA,638.215,145.85,0.237,0.482,nice trace. Nice fit. Nice cAMP effect,TRUE
2019-08-20,P4 CS1,A,W2,LS6,cAMP,cAMP,3,CPVT-HET,6358,20190820 P4 CS1 Cell A0006.oib,NA,748.744,223.266,0.22,0.464,nice trace. Nice fit. Nice cAMP effect,TRUE
2019-08-20,P4 CS2,A,W1,LS2,Vehicle,Control,0,CPVT-HET,6358,20190820 P4 CS2 Cell A0002.oib,NA,1422.212,431.029,0.27,0.317,nice fit.,TRUE
2019-08-20,P4 CS2,A,W2,LS2,Vehicle,Control,0,CPVT-HET,6358,20190820 P4 CS2 Cell A0002.oib,NA,5112.281,326.526,0.229,0.28,a bit long tau. Recheck?,TRUE
2019-08-20,P4 CS2,A,W1,LS3,Vehicle,Control,0,CPVT-HET,6358,20190820 P4 CS2 Cell A0003.oib,NA,1966.178,438.685,0.236,0.278,nice,TRUE
2019-08-20,P4 CS2,A,W2,LS3,Vehicle,Control,0,CPVT-HET,6358,20190820 P4 CS2 Cell A0003.oib,NA,5275.406,567.219,0.258,0.289,a bit long tau but fit not too bad,TRUE
2019-08-20,P4 CS2,A,W1,LS5,Vehicle,Vehicle,3,CPVT-HET,6358,20190820 P4 CS2 Cell A0005.oib,NA,1015.037,284.274,0.206,0.351,lower amplitude and tau as well. Fit does not look bad,TRUE
2019-08-20,P4 CS2,A,W1,LS6,Vehicle,Vehicle,3,CPVT-HET,6358,20190820 P4 CS2 Cell A0006.oib,NA,1238.137,283.506,0.223,0.359,NA,TRUE
2019-08-20,P4 CS2,A,W2,LS6,Vehicle,Vehicle,3,CPVT-HET,6358,20190820 P4 CS2 Cell A0006.oib,NA,5764.285,443.619,0.187,0.352,NA,TRUE
2019-08-20,P4 CS2,A,W1,LS7,Vehicle,Vehicle,3,CPVT-HET,6358,20190820 P4 CS2 Cell A0007.oib,NA,7289.484,455.977,0.213,0.369,really long tau from this fit.,TRUE
2019-08-26,P1 CS1,A,W1,LS2,cAMP,Control,0,CPVT-WT,6034,20190826 P1 CS1 Cell A0002.oib,NA,1612.605,417.586,0.13,0.096,nice trace. And fit looks ok,TRUE
2019-08-26,P1 CS1,A,W2,LS2,cAMP,Control,0,CPVT-WT,6034,20190826 P1 CS1 Cell A0002.oib,NA,-6314.14,500.639,0.138,0.085,Negative? Fit value not good. Decay tau  looks slow,TRUE
2019-08-26,P1 CS1,A,W1,LS3,cAMP,Control,0,CPVT-WT,6034,20190826 P1 CS1 Cell A0003.oib,NA,2645.476,484.109,0.152,0.137,good fit.,TRUE
2019-08-26,P1 CS1,A,W2,LS3,cAMP,Control,0,CPVT-WT,6034,20190826 P1 CS1 Cell A0003.oib,NA,-2820.25,589.98,0.129,0.096,signal getting a bit too small. Bat fitting with negative value and wrong baseline detection.,TRUE
2019-08-26,P1 CS1,A,W1,LS4,cAMP,cAMP,3,CPVT-WT,6034,20190826 P1 CS1 Cell A0004.oib,NA,1936.156,111.129,0.124,0.261,signal is low. Wave very short.,TRUE
2019-08-26,P1 CS1,A,W2,LS4,cAMP,cAMP,3,CPVT-WT,6034,20190826 P1 CS1 Cell A0004.oib,NA,133388.688,518.552,0.106,0.273,signal too low may be. Wront tau fitting/calculation,TRUE
2019-08-26,P1 CS1,A,W1,LS5,cAMP,cAMP,3,CPVT-WT,6034,20190826 P1 CS1 Cell A0005.oib,NA,-5244.337,733.25,0.112,0.241,bad tau fitting. Signal too low may be,TRUE
2019-08-26,P1 CS1,A,W2,LS5,cAMP,cAMP,3,CPVT-WT,6034,20190826 P1 CS1 Cell A0005.oib,NA,1512.967,182.617,0.087,0.234,low signal.,TRUE
2019-08-26,P1 CS2,A,W1,LS2,Vehicle,Control,0,CPVT-WT,6034,20190826 P1 CS2 Cell A0002.oib,NA,1534.144,276.752,0.168,0.257,nice signal. Nice fit,TRUE
2019-08-26,P1 CS2,A,W2,LS2,Vehicle,Control,0,CPVT-WT,6034,20190826 P1 CS2 Cell A0002.oib,NA,1181.282,256.152,0.189,0.26,good signal. Good fit.,TRUE
2019-08-26,P1 CS2,A,W1,LS3,Vehicle,Control,0,CPVT-WT,6034,20190826 P1 CS2 Cell A0003.oib,NA,1623.301,169.85,0.156,0.264,ok,TRUE
2019-08-26,P1 CS2,A,W2,LS3,Vehicle,Control,0,CPVT-WT,6034,20190826 P1 CS2 Cell A0003.oib,NA,1666.292,218.104,0.138,0.275,a bit low signal.,TRUE
2019-08-26,P1 CS2,A,W1,LS4,Vehicle,Vehicle,3,CPVT-WT,6034,20190826 P1 CS2 Cell A0004.oib,NA,826.197,255.463,0.207,0.474,good fit but tau decresed.,TRUE
2019-08-26,P1 CS2,A,W1,LS5,Vehicle,Vehicle,3,CPVT-WT,6034,20190826 P1 CS2 Cell A0005.oib,NA,979.663,173.175,0.162,0.421,good fit but tau decresed.,TRUE
2019-08-26,P1 CS2,A,W2,LS5,Vehicle,Vehicle,3,CPVT-WT,6034,20190826 P1 CS2 Cell A0005.oib,NA,1276.168,224.214,0.162,0.42,NA,TRUE
2019-08-26,P1 CS2,A,W1,LS6,Vehicle,Vehicle,3,CPVT-WT,6034,20190826 P1 CS2 Cell A0006.oib,NA,466.616,151.435,0.102,0.419,signal too low. May be not for analysis. And atau oo short,TRUE
2019-08-26,P2 CS1,A,W1,LS2,Vehicle,Control,0,CPVT-WT,6034,20190826 P2 CS1 Cell A0002.oib,NA,2849.652,505.346,0.212,0.232,nice signal.,TRUE
2019-08-26,P2 CS1,A,W1,LS3,Vehicle,Control,0,CPVT-WT,6034,20190826 P2 CS1 Cell A0003.oib,NA,-2048.542,540.63,0.175,0.204,negative tau. No good fit.,TRUE
2019-08-26,P2 CS1,A,W2,LS3,Vehicle,Control,0,CPVT-WT,6034,20190826 P2 CS1 Cell A0003.oib,NA,2043.625,379.64,0.175,0.2,"nice wave, nice fit",TRUE
2019-08-26,P2 CS1,A,W3,LS3,Vehicle,Control,0,CPVT-WT,6034,20190826 P2 CS1 Cell A0003.oib,NA,2979.385,306.716,0.181,0.204,NA,TRUE
2019-08-26,P2 CS1,A,W1,LS4,Vehicle,Vehicle,3,CPVT-WT,6034,20190826 P2 CS1 Cell A0004.oib,NA,1460.968,248.611,0.147,0.305,nice fit,TRUE
2019-08-26,P2 CS1,A,W1,LS5,Vehicle,Vehicle,3,CPVT-WT,6034,20190826 P2 CS1 Cell A0005.oib,NA,-1541.874,356.347,0.149,0.312,negative tau. No good fit. But signal ok,TRUE
2019-08-26,P2 CS1,A,W2,LS5,Vehicle,Vehicle,3,CPVT-WT,6034,20190826 P2 CS1 Cell A0005.oib,NA,1121.392,305.081,0.126,0.289,nice fit. Nice trace,TRUE
2019-08-26,P2 CS1,A,W1,LS6,Vehicle,Vehicle,3,CPVT-WT,6034,20190826 P2 CS1 Cell A0006.oib,NA,1349.273,248.234,0.139,0.291,nice fit. Nice trace,TRUE
2019-08-26,P2 CS2,A,W1,LS2,cAMP,Control,0,CPVT-WT,6034,20190826 P2 CS2 Cell A0002.oib,NA,-2621.873,222.455,0.196,0.352,negative tau. No good fit. But big signal,TRUE
2019-08-26,P2 CS2,A,W2,LS2,cAMP,Control,0,CPVT-WT,6034,20190826 P2 CS2 Cell A0002.oib,NA,2746.796,358.67,0.204,0.343,good fit. Good signal,TRUE
2019-08-26,P2 CS2,A,W1,LS3,cAMP,Control,0,CPVT-WT,6034,20190826 P2 CS2 Cell A0003.oib,NA,1528.427,310.274,0.164,0.34,NA,TRUE
2019-08-26,P2 CS2,A,W2,LS3,cAMP,Control,0,CPVT-WT,6034,20190826 P2 CS2 Cell A0003.oib,NA,-5330.64,262.914,0.167,0.345,negative tau. No good fit.,TRUE
2019-08-26,P2 CS2,A,W1,LS4,cAMP,cAMP,3,CPVT-WT,6034,20190826 P2 CS2 Cell A0004.oib,NA,1005.34,246.482,0.142,0.424,nice fit. Nice trace,TRUE
2019-08-26,P2 CS2,A,W2,LS4,cAMP,cAMP,3,CPVT-WT,6034,20190826 P2 CS2 Cell A0004.oib,NA,680.472,166.403,0.204,0.44,nice fit. Nice trace,TRUE
2019-08-26,P2 CS2,A,W1,LS5,cAMP,cAMP,3,CPVT-WT,6034,20190826 P2 CS2 Cell A0005.oib,NA,1020.021,180.182,0.123,0.419,good fit but signal decresing.,TRUE
2019-08-26,P2 CS2,A,W2,LS5,cAMP,cAMP,3,CPVT-WT,6034,20190826 P2 CS2 Cell A0005.oib,NA,1236.663,224.389,0.16,0.412,good fit but signal decresing.,TRUE
2019-08-26,P2 CS2,A,W1,LS6,cAMP,cAMP,3,CPVT-WT,6034,20190826 P2 CS2 Cell A0006.oib,NA,48236.777,228.897,0.13,0.463,low signal. Tau too large.,TRUE
2019-08-26,P2 CS3,A,W1,LS2,Vehicle,Control,0,CPVT-WT,6034,20190826 P2 CS3 Cell A0002.oib,NA,-18009.898,390.263,0.212,0.389,nice signal but negative tau fitting and too high?,TRUE
2019-08-26,P2 CS3,A,W1,LS3,Vehicle,Control,0,CPVT-WT,6034,20190826 P2 CS3 Cell A0003.oib,NA,-2857.353,421.712,0.163,0.408,why is negative!,TRUE
2019-08-26,P2 CS3,A,W2,LS3,Vehicle,Control,0,CPVT-WT,6034,20190826 P2 CS3 Cell A0003.oib,NA,-61079.976,443.234,0.196,0.392,negative tau and so large?,TRUE
2019-08-26,P2 CS3,A,W1,LS4,Vehicle,Vehicle,3,CPVT-WT,6034,20190826 P2 CS3 Cell A0004.oib,NA,2703.418,409.012,0.199,0.406,low signal,TRUE
2019-08-26,P2 CS3,A,W2,LS4,Vehicle,Vehicle,3,CPVT-WT,6034,20190826 P2 CS3 Cell A0004.oib,NA,-245.92,43.604,0.145,0.391,wrong tau calculation.,TRUE
2019-08-26,P2 CS3,A,W1,LS5,Vehicle,Vehicle,3,CPVT-WT,6034,20190826 P2 CS3 Cell A0005.oib,NA,3023.878,379.358,0.157,0.372,ok,TRUE
2019-08-26,P2 CS3,A,W1,LS6,Vehicle,Vehicle,3,CPVT-WT,6034,20190826 P2 CS3 Cell A0006.oib,NA,27015.839,336.659,0.166,0.4,tau too large.,TRUE
2019-08-26,P4 CS1,A,W1,LS2,cAMP,Control,0,CPVT-WT,6034,20190826 P4 CS1 Cell A0002.oib,NA,1899.649,228.762,0.288,0.517,nice amplitude,TRUE
2019-08-26,P4 CS1,A,W2,LS2,cAMP,Control,0,CPVT-WT,6034,20190826 P4 CS1 Cell A0002.oib,NA,2442.831,217.43,0.298,0.507,NA,TRUE
2019-08-26,P4 CS1,A,W1,LS4,cAMP,cAMP,3,CPVT-WT,6034,20190826 P4 CS1 Cell A0004.oib,NA,1180.698,274.121,0.284,0.765,nice trace. And fit looks ok,TRUE
2019-08-26,P4 CS1,A,W2,LS4,cAMP,cAMP,3,CPVT-WT,6034,20190826 P4 CS1 Cell A0004.oib,NA,913.3,194.863,0.301,0.719,NA,TRUE
2019-08-26,P4 CS1,A,W1,LS5,cAMP,cAMP,3,CPVT-WT,6034,20190826 P4 CS1 Cell A0005.oib,NA,652.842,168.546,0.262,0.746,good,TRUE
2019-08-26,P4 CS1,A,W2,LS5,cAMP,cAMP,3,CPVT-WT,6034,20190826 P4 CS1 Cell A0005.oib,NA,2151.397,64.172,0.219,0.688,quite high compared to the two other previous,TRUE
2019-08-29,P1 CS1,A,W1,LS2,Vehicle,Control,0,CPVT-HET,6469,20190829 P1 CS1 Cell A0002.oib,NA,1117.053,172.84,0.186,0.324,nice trace,TRUE
2019-08-29,P1 CS1,A,W1,LS3,Vehicle,Control,0,CPVT-HET,6469,20190829 P1 CS1 Cell A0003.oib,NA,461.528,76.036,0.137,0.305,NA,TRUE
2019-08-29,P1 CS1,A,W2,LS3,Vehicle,Control,0,CPVT-HET,6469,20190829 P1 CS1 Cell A0003.oib,NA,-1409.216,319.756,0.187,0.332,negative tau value!!!,TRUE
2019-08-29,P1 CS1,A,W1,LS4,Vehicle,Vehicle,3,CPVT-HET,6469,20190829 P1 CS1 Cell A0004.oib,NA,2719.743,327.818,0.258,0.444,nice trace,TRUE
2019-08-29,P1 CS1,A,W2,LS4,Vehicle,Vehicle,3,CPVT-HET,6469,20190829 P1 CS1 Cell A0004.oib,NA,-8082.003,11.405,0.183,0.346,negative tau value!!!,TRUE
2019-08-29,P1 CS1,A,W1,LS5,Vehicle,Vehicle,3,CPVT-HET,6469,20190829 P1 CS1 Cell A0005.oib,NA,1334.994,294.381,0.211,0.395,"nice trace, nice fit",TRUE
2019-08-29,P1 CS1,A,W2,LS5,Vehicle,Vehicle,3,CPVT-HET,6469,20190829 P1 CS1 Cell A0005.oib,NA,2943.087,302.149,0.209,0.327,"nice trace, nice fit",TRUE
2019-08-29,P1 CS3,A,W1,LS1,cAMP,Control,0,CPVT-HET,6469,20190829 P1 CS3 Cell A0002.oib,NA,778.448,152.176,0.218,0.372,low tau value,TRUE
2019-08-29,P1 CS3,A,W2,LS2,cAMP,Control,0,CPVT-HET,6469,20190829 P1 CS3 Cell A0002.oib,NA,2726.831,208.421,0.25,0.365,nice fit,TRUE
2019-08-29,P1 CS3,A,W1,LS4,cAMP,cAMP,3,CPVT-HET,6469,20190829 P1 CS3 Cell A0004.oib,NA,30641.383,231.448,0.19,0.409,nice fit. Nice trace,TRUE
2019-08-29,P1 CS3,A,W2,LS4,cAMP,cAMP,3,CPVT-HET,6469,20190829 P1 CS3 Cell A0004.oib,NA,643.33,216.005,0.224,0.399,NA,TRUE
2019-08-29,P1 CS3,A,W1,LS5,cAMP,cAMP,3,CPVT-HET,6469,20190829 P1 CS3 Cell A0005.oib,NA,2131.778,282.802,0.231,0.4,NA,TRUE
2019-08-29,P1 CS3,A,W2,LS5,cAMP,cAMP,3,CPVT-HET,6469,20190829 P1 CS3 Cell A0005.oib,NA,509.673,158.413,0.175,0.36,nice,TRUE
2019-08-29,P2 CS1,A,W1,LS2,cAMP,Control,0,CPVT-HET,6469,20190829 P2 CS1 Cell A0002.oib,NA,2802.069,296.98,0.363,0.468,NA,TRUE
2019-08-29,P2 CS1,A,W2,LS2,cAMP,Control,0,CPVT-HET,6469,20190829 P2 CS1 Cell A0002.oib,NA,1932.188,244.27,0.318,0.474,NA,TRUE
2019-08-29,P2 CS1,A,W1,LS4,cAMP,cAMP,3,CPVT-HET,6469,20190829 P2 CS1 Cell A0004.oib,NA,752.277,200.441,0.26,0.6,nice,TRUE
2019-08-29,P2 CS1,A,W2,LS4,cAMP,cAMP,3,CPVT-HET,6469,20190829 P2 CS1 Cell A0004.oib,NA,1989.222,210.4,0.22,0.496,nice but long tau fit-,TRUE
2019-08-29,P2 CS1,A,W1,LS5,cAMP,cAMP,3,CPVT-HET,6469,20190829 P2 CS1 Cell A0005.oib,NA,828.326,237.598,0.261,0.489,nice fit tau but signal a bit noisy,TRUE
2019-08-29,P2 CS1,A,W2,LS5,cAMP,cAMP,3,CPVT-HET,6469,20190829 P2 CS1 Cell A0005.oib,NA,3380.391,203.296,0.231,0.495,fit looks ok but too large.,TRUE
2019-08-29,P2 CS3,A,W1,LS2,Vehicle,Control,0,CPVT-HET,6469,20190829 P2 CS3 Cell A0002.oib,NA,1196.975,169.136,0.21,0.312,NA,TRUE
2019-08-29,P2 CS3,A,W2,LS2,Vehicle,Control,0,CPVT-HET,6469,20190829 P2 CS3 Cell A0002.oib,NA,1089.048,222.103,0.211,0.27,NA,TRUE
2019-08-29,P2 CS3,A,W1,LS4,Vehicle,Vehicle,3,CPVT-HET,6469,20190829 P2 CS3 Cell A0004.oib,NA,3822.275,215.235,0.204,0.261,NA,TRUE
2019-08-29,P2 CS3,A,W2,LS4,Vehicle,Vehicle,3,CPVT-HET,6469,20190829 P2 CS3 Cell A0004.oib,NA,2013.488,306.184,0.257,0.272,NA,TRUE
2019-08-29,P2 CS3,A,W1,LS5,Vehicle,Vehicle,3,CPVT-HET,6469,20190829 P2 CS3 Cell A0005.oib,NA,-172.57,93.418,0.17,0.257,"Wrong peak detection, bad fit due to suignal too noisy. Exclude this value",TRUE
2019-08-29,P2 CS3,A,W2,LS5,Vehicle,Vehicle,3,CPVT-HET,6469,20190829 P2 CS3 Cell A0005.oib,NA,1522.174,249.901,0.164,0.244,signal a bit noisy,TRUE
2019-09-17,P2 CS2,A,W1,LS2,Vehicle,Control,0,CPVT-WT,6829,20190917 P2 CS2 Cell A0002.oib,NA,1399.612,331.756,0.301,0.471,"nice fit, nice trace",TRUE
2019-09-17,P2 CS2,A,W2,LS2,Vehicle,Control,0,CPVT-WT,6829,20190917 P2 CS2 Cell A0002.oib,NA,721.018,238.063,0.258,0.428,nice trace but fit too low?,TRUE
2019-09-17,P2 CS2,A,W1,LS4,Vehicle,Vehicle,3,CPVT-WT,6829,20190917 P2 CS2 Cell A0004.oib,NA,2718.302,255.38,0.295,0.449,NA,TRUE
2019-09-17,P2 CS2,A,W2,LS4,Vehicle,Vehicle,3,CPVT-WT,6829,20190917 P2 CS2 Cell A0004.oib,NA,1349.778,236.055,0.286,0.401,nice trace and nice fit,TRUE
2019-09-17,P2 CS2,A,W1,LS5,Vehicle,Vehicle,3,CPVT-WT,6829,20190917 P2 CS2 Cell A0005.oib,NA,-1750.767,355.132,0.249,0.388,Negative tau.,TRUE
2019-09-17,P2 CS2,A,W1,LS6,Vehicle,Vehicle,5,CPVT-WT,6829,20190917 P2 CS2 Cell A0006.oib,NA,-1327.135,234.813,0.198,0.461,Negative tau.,TRUE
2019-09-17,P2 CS2,A,W1,LS7,Vehicle,Vehicle,5,CPVT-WT,6829,20190917 P2 CS2 Cell A0007.oib,NA,4096.111,238.279,0.169,0.426,noisy signal.,TRUE
2019-09-17,P2 CS2,A,W1,LS8,Vehicle,Vehicle,5,CPVT-WT,6829,20190917 P2 CS2 Cell A0008.oib,NA,6208.569,259.95,0.201,0.503,noisy signal.,TRUE
2019-09-17,P2 CS3,A,W1,LS2,Vehicle,Control,0,CPVT-WT,6829,20190917 P2 CS3 Cell A0002.oib,NA,-7640.87,375.35,0.23,0.467,negative tau.,TRUE
2019-09-17,P2 CS3,A,W2,LS2,Vehicle,Control,0,CPVT-WT,6829,20190917 P2 CS3 Cell A0002.oib,NA,5491.527,383.226,0.248,0.386,nice trace. A bit high tau?,TRUE
2019-09-17,P2 CS3,A,W1,LS3,Vehicle,Control,0,CPVT-WT,6829,20190917 P2 CS3 Cell A0003.oib,NA,1318.576,365.471,0.222,0.412,nice tau nice value,TRUE
2019-09-17,P2 CS3,A,W2,LS3,Vehicle,Control,0,CPVT-WT,6829,20190917 P2 CS3 Cell A0003.oib,NA,1748.374,307.885,0.187,0.361,nice tau nice value,TRUE
2019-09-17,P2 CS3,A,W1,LS4,Vehicle,Vehicle,3,CPVT-WT,6829,20190917 P2 CS3 Cell A0004.oib,NA,3241.859,381.281,0.28,0.502,NA,TRUE
2019-09-17,P2 CS3,A,W2,LS4,Vehicle,Vehicle,3,CPVT-WT,6829,20190917 P2 CS3 Cell A0004.oib,NA,-10074.807,315.684,0.282,0.439,negative and very high,TRUE
2019-09-17,P2 CS3,A,W1,LS5,Vehicle,Vehicle,3,CPVT-WT,6829,20190917 P2 CS3 Cell A0005.oib,NA,1320.263,348.61,0.227,0.433,"nice trace, nice fit",TRUE
2019-09-17,P2 CS3,A,W2,LS5,Vehicle,Vehicle,3,CPVT-WT,6829,20190917 P2 CS3 Cell A0005.oib,NA,-4739.687,170.884,0.227,0.429,Negative tau. Small signal,TRUE
2019-09-17,P2 CS3,A,W1,LS6,Vehicle,Vehicle,5,CPVT-WT,6829,20190917 P2 CS3 Cell A0005.oib,NA,1697.949,115.883,0.227,0.497,"nice fit, but a bit low signal.",TRUE
2019-09-17,P2 CS3,A,W2,LS6,Vehicle,Vehicle,5,CPVT-WT,6829,20190917 P2 CS3 Cell A0006.oib,NA,305531.932,339.735,0.225,0.42,too high tau,TRUE
2019-09-17,P2 CS3,A,W1,LS7,Vehicle,Vehicle,5,CPVT-WT,6829,20190917 P2 CS3 Cell A0007.oib,NA,4297.9,336.873,0.169,0.423,NA,TRUE
2019-09-17,P2 CS3,A,W2,LS7,Vehicle,Vehicle,5,CPVT-WT,6829,20190917 P2 CS3 Cell A0007.oib,NA,2531.093,129.374,0.182,0.409,NA,TRUE
2019-09-17,P2 CS4,A,W1,LS2,Fab,Control,0,CPVT-WT,6829,20190917 P2 CS4 Cell A0002.oib,NA,765.175,200.682,0.517,0.513,a bit movement artifact.,TRUE
2019-09-17,P2 CS4,A,W2,LS2,Fab,Control,0,CPVT-WT,6829,20190917 P2 CS4 Cell A0002.oib,NA,1545.866,203.232,0.488,0.525,NA,TRUE
2019-09-17,P2 CS4,A,W1,LS4,Fab,Fab,3,CPVT-WT,6829,20190917 P2 CS4 Cell A0004.oib,NA,158.76,38.627,0.538,0.78,nice trace. Nice effect,TRUE
2019-09-17,P2 CS4,A,W2,LS4,Fab,Fab,3,CPVT-WT,6829,20190917 P2 CS4 Cell A0004.oib,NA,125.648,47.839,0.421,0.7,nice trace and nice fit,TRUE
2019-09-17,P2 CS4,A,W1,LS5,Fab,Fab,3,CPVT-WT,6829,20190917 P2 CS4 Cell A0005.oib,NA,76.457,41.905,0.35,0.619,NA,TRUE
2019-09-17,P2 CS4,A,W2,LS5,Fab,Fab,3,CPVT-WT,6829,20190917 P2 CS4 Cell A0005.oib,NA,573.774,88.324,0.408,0.63,NA,TRUE
2019-09-17,P2 CS4,A,W3,LS5,Fab,Fab,3,CPVT-WT,6829,20190917 P2 CS4 Cell A0005.oib,NA,444.868,69.82,0.33,0.649,NA,TRUE
2019-09-17,P2 CS4,A,W1,LS6,Fab,Fab,5,CPVT-WT,6829,20190917 P2 CS4 Cell A0006.oib,NA,6323.932,165.918,0.42,0.72,NA,TRUE
2019-09-17,P2 CS4,A,W2,LS6,Fab,Fab,5,CPVT-WT,6829,20190917 P2 CS4 Cell A0006.oib,NA,616.478,155.608,0.264,0.673,NA,TRUE
2019-09-17,P2 CS4,A,W3,LS6,Fab,Fab,5,CPVT-WT,6829,20190917 P2 CS4 Cell A0006.oib,NA,1327.978,268.552,0.307,0.699,NA,TRUE
2019-09-17,P2 CS4,A,W1,LS7,Fab,Fab,5,CPVT-WT,6829,20190917 P2 CS4 Cell A0007.oib,NA,396.189,130.585,0.242,0.666,NA,TRUE
2019-09-17,P2 CS4,A,W2,LS7,Fab,Fab,5,CPVT-WT,6829,20190917 P2 CS4 Cell A0007.oib,NA,491.625,115.817,0.256,0.707,NA,TRUE
2019-09-17,P4 CS3,A,W1,LS2,Fab,Control,0,CPVT-WT,6829,20190917 P4 CS3 Cell A0002.oib,NA,1913.862,299.049,0.276,0.388,nice trace and nice fit,TRUE
2019-09-17,P4 CS3,A,W1,LS3,Fab,Control,0,CPVT-WT,6829,20190917 P4 CS3 Cell A0003.oib,NA,2321.376,297.023,0.289,0.412,NA,TRUE
2019-09-17,P4 CS3,A,W2,LS3,Fab,Control,0,CPVT-WT,6829,20190917 P4 CS3 Cell A0003.oib,NA,1666.582,275.621,0.259,0.362,NA,TRUE
2019-09-17,P4 CS3,A,W1,LS4,Fab,Fab,3,CPVT-WT,6829,20190917 P4 CS3 Cell A0004.oib,NA,170.731,60.759,0.277,0.759,excellent,TRUE
2019-09-17,P4 CS3,A,W2,LS4,Fab,Fab,3,CPVT-WT,6829,20190917 P4 CS3 Cell A0004.oib,NA,226.146,73.819,0.286,0.745,excellent,TRUE
2019-09-17,P4 CS3,A,W1,LS5,Fab,Fab,3,CPVT-WT,6829,20190917 P4 CS3 Cell A0005.oib,NA,155.514,55.463,0.235,0.705,NA,TRUE
2019-09-17,P4 CS3,A,W2,LS5,Fab,Fab,3,CPVT-WT,6829,20190917 P4 CS3 Cell A0005.oib,NA,328.71,39.17,0.239,0.6,NA,TRUE
2019-09-17,P4 CS3,A,W3,LS5,Fab,Fab,3,CPVT-WT,6829,20190917 P4 CS3 Cell A0005.oib,NA,270.507,106.748,0.299,0.651,NA,TRUE
2019-09-17,P4 CS3,A,W1,LS6,Fab,Fab,5,CPVT-WT,6829,20190917 P4 CS3 Cell A0006.oib,NA,387.53,114.769,0.225,0.603,NA,TRUE
2019-09-17,P4 CS3,A,W2,LS6,Fab,Fab,5,CPVT-WT,6829,20190917 P4 CS3 Cell A0006.oib,NA,466.068,126.498,0.251,0.579,NA,TRUE
2019-09-17,P4 CS3,A,W1,LS7,Fab,Fab,5,CPVT-WT,6829,20190917 P4 CS3 Cell A0007.oib,NA,460.103,161.024,0.216,0.589,NA,TRUE
2019-09-17,P4 CS3,A,W2,LS7,Fab,Fab,5,CPVT-WT,6829,20190917 P4 CS3 Cell A0007.oib,NA,355.78,116.86,0.211,0.528,NA,TRUE
2019-09-17,P4 CS4,A,W1,LS2,Vehicle,Control,0,CPVT-WT,6829,20190917 P4 CS4 Cell A0002.oib,NA,534.615,157.324,0.379,0.353,NA,TRUE
2019-09-17,P4 CS4,A,W2,LS2,Vehicle,Control,0,CPVT-WT,6829,20190917 P4 CS4 Cell A0002.oib,NA,1075.177,210.963,0.422,0.38,NA,TRUE
2019-09-17,P4 CS4,A,W1,LS4,Vehicle,Vehicle,3,CPVT-WT,6829,20190917 P4 CS4 Cell A0004.oib,NA,2216.244,237.61,0.357,0.397,NA,TRUE
2019-09-17,P4 CS4,A,W2,LS4,Vehicle,Vehicle,3,CPVT-WT,6829,20190917 P4 CS4 Cell A0004.oib,NA,1032.178,243.369,0.348,0.382,NA,TRUE
2019-09-17,P4 CS4,A,W1,LS5,Vehicle,Vehicle,3,CPVT-WT,6829,20190917 P4 CS4 Cell A0005.oib,NA,1006.071,223.987,0.32,0.38,NA,TRUE
2019-09-17,P4 CS4,A,W1,LS6,Vehicle,Vehicle,5,CPVT-WT,6829,20190917 P4 CS4 Cell A0006.oib,NA,555.703,168.631,0.276,0.378,NA,TRUE
2019-09-17,P4 CS4,A,W2,LS6,Vehicle,Vehicle,5,CPVT-WT,6829,20190917 P4 CS4 Cell A0006.oib,NA,887.681,217.121,0.332,0.357,NA,TRUE
2019-09-17,P4 CS4,A,W1,LS7,Vehicle,Vehicle,5,CPVT-WT,6829,20190917 P4 CS4 Cell A0007.oib,NA,943.743,329.417,0.267,0.344,NA,TRUE
2019-09-17,P4 CS4,A,W2,LS7,Vehicle,Vehicle,5,CPVT-WT,6829,20190917 P4 CS4 Cell A0007.oib,NA,1093.343,324.622,0.223,0.344,NA,TRUE
2019-09-17,P5 CS2,A,W1,LS2,Fab,Control,0,CPVT-WT,6829,20190917 P5 CS2 Cell A0002.oib,NA,1360.525,252.368,0.516,0.588,NA,TRUE
2019-09-17,P5 CS2,A,W2,LS2,Fab,Control,0,CPVT-WT,6829,20190917 P5 CS2 Cell A0002.oib,NA,1183.846,279.08,0.488,0.575,NA,TRUE
2019-09-17,P5 CS2,A,W1,LS4,Fab,Fab,3,CPVT-WT,6829,20190917 P5 CS2 Cell A0004.oib,NA,221.574,85.166,0.348,1.018,NA,TRUE
2019-09-17,P5 CS2,A,W2,LS4,Fab,Fab,3,CPVT-WT,6829,20190917 P5 CS2 Cell A0004.oib,NA,302.412,68.143,0.298,0.873,NA,TRUE
2019-09-17,P5 CS2,A,W3,LS4,Fab,Fab,3,CPVT-WT,6829,20190917 P5 CS2 Cell A0004_BG.tif,NA,149.496,48.596,0.309,0.943,NA,TRUE
2019-09-17,P5 CS2,A,W1,LS5,Fab,Fab,3,CPVT-WT,6829,20190917 P5 CS2 Cell A0005.oib,NA,207.055,63.622,0.336,0.885,super trace.,TRUE
2019-09-17,P5 CS2,A,W2,LS5,Fab,Fab,3,CPVT-WT,6829,20190917 P5 CS2 Cell A0005.oib,NA,281.592,56.782,0.293,0.879,NA,TRUE
2019-09-17,P5 CS2,A,W3,LS5,Fab,Fab,3,CPVT-WT,6829,20190917 P5 CS2 Cell A0005.oib,NA,376.052,60.497,0.325,0.884,NA,TRUE
2019-09-17,P5 CS2,A,W1,LS6,Fab,Fab,5,CPVT-WT,6829,20190917 P5 CS2 Cell A0006.oib,NA,277.536,102.83,0.343,0.741,super trace.,TRUE
2019-09-17,P5 CS2,A,W2,LS6,Fab,Fab,5,CPVT-WT,6829,20190917 P5 CS2 Cell A0006.oib,NA,477.938,160.342,0.404,0.845,NA,TRUE
2019-09-17,P5 CS2,A,W3,LS6,Fab,Fab,5,CPVT-WT,6829,20190917 P5 CS2 Cell A0006.oib,NA,423.165,158.856,0.385,0.749,NA,TRUE
2019-09-17,P5 CS2,A,W1,LS7,Fab,Fab,5,CPVT-WT,6829,20190917 P5 CS2 Cell A0007.oib,NA,680.141,188.859,0.432,0.785,NA,TRUE
2019-09-17,P5 CS2,A,W2,LS7,Fab,Fab,5,CPVT-WT,6829,20190917 P5 CS2 Cell A0007.oib,NA,709.812,144.332,0.375,0.778,NA,TRUE
2019-09-17,P5 CS2,A,W3,LS7,Fab,Fab,5,CPVT-WT,6829,20190917 P5 CS2 Cell A0007.oib,NA,431.49,149.913,0.425,0.792,NA,TRUE
2019-09-17,P2 CS1,A,W1,LS8,Fab,Fab,5,CPVT-WT,6829,20190917 P2 CS1 Cell A0008.oib,NA,NA,NA,0.1239,0.1936,"NOTE: SR analysis has to be done manually. program fail to determine peak, tau, baseline, etc",TRUE
2019-09-17,P2 CS1,A,W2,LS8,Fab,Fab,5,CPVT-WT,6829,20190917 P2 CS1 Cell A0008.oib,NA,24.614,11.517,0.093,0.253,NA,TRUE
2019-09-17,P2 CS1,A,W3,LS8,Fab,Fab,5,CPVT-WT,6829,20190917 P2 CS1 Cell A0008.oib,NA,83.681,44.512,0.099,0.263,NA,TRUE
2019-09-17,P2 CS1,A,W4,LS8,Fab,Fab,5,CPVT-WT,6829,20190917 P2 CS1 Cell A0008.oib,NA,365.692,1.589,0.091,0.263,NA,TRUE
2019-10-22,P3 CS2,A,W1,LS3,Fab,Control,0,CPVT-HET,6357,20191022 P3 CS2 Cell A0003.oib,NA,3957.538,370.705,0.376,0.455,NA,TRUE
2019-10-22,P3 CS2,A,W2,LS3,Fab,Control,0,CPVT-HET,6357,20191022 P3 CS2 Cell A0003.oib,NA,3938.91,259.768,0.35,0.338,NA,TRUE
2019-10-22,P3 CS2,A,W1,LS4,Fab,Fab,5,CPVT-HET,6357,20191022 P3 CS2 Cell A0004.oib,NA,736.068,185.333,0.302,0.714,NA,TRUE
2019-10-22,P3 CS2,A,W2,LS4,Fab,Fab,5,CPVT-HET,6357,20191022 P3 CS2 Cell A0004.oib,NA,947.117,203.016,0.283,0.656,NA,TRUE
2019-10-22,P3 CS2,A,W3,LS4,Fab,Fab,5,CPVT-HET,6357,20191022 P3 CS2 Cell A0004.oib,NA,1826.036,144.295,0.343,0.679,NA,TRUE
2019-10-22,P3 CS2,A,W1,LS5,Fab,Fab,5,CPVT-HET,6357,20191022 P3 CS2 Cell A0005.oib,NA,554.302,180.381,0.351,0.692,NA,TRUE
2019-10-22,P3 CS2,A,W2,LS5,Fab,Fab,5,CPVT-HET,6357,20191022 P3 CS2 Cell A0005.oib,NA,590.957,158.841,0.259,0.644,NA,TRUE
2019-10-22,P3 CS2,A,W3,LS5,Fab,Fab,5,CPVT-HET,6357,20191022 P3 CS2 Cell A0005.oib,NA,1082.091,241.827,0.407,0.711,NA,TRUE
2019-10-22,P4 CS2,A,W1,LS2,Vehicle,Control,0,CPVT-HET,6357,20191022 P4 CS2 Cell A0002.oib,NA,1585.214,331.395,0.494,0.572,NA,TRUE
2019-10-22,P4 CS2,A,W2,LS2,Vehicle,Control,0,CPVT-HET,6357,20191022 P4 CS2 Cell A0002.oib,NA,1416.855,377.02,0.509,0.605,NA,TRUE
2019-10-22,P4 CS2,A,W1,LS4,Vehicle,Vehicle,5,CPVT-HET,6357,20191022 P4 CS2 Cell A0004.oib,NA,1215.525,311.962,0.588,0.985,NA,TRUE
2019-10-22,P4 CS2,A,W2,LS4,Vehicle,Vehicle,5,CPVT-HET,6357,20191022 P4 CS2 Cell A0004.oib,NA,1181.636,233.75,0.521,0.902,NA,TRUE
2019-10-22,P4 CS2,A,W1,LS5,Vehicle,Vehicle,5,CPVT-HET,6357,20191022 P4 CS2 Cell A0005.oib,NA,1002.769,245.685,0.531,0.912,NA,TRUE
2019-10-22,P4 CS2,A,W2,LS5,Vehicle,Vehicle,5,CPVT-HET,6357,20191022 P4 CS2 Cell A0005.oib,NA,5144.527,338.374,0.48,0.9,NA,TRUE
2019-10-22,P1 CS1,A,W1,LS6,Fab,Fab,5,CPVT-HET,6357,20191022 P1 CS1 Cell A0006.oib,NA,541.418,150.25,0.136,0.363,NA,TRUE
2019-10-22,P1 CS1,A,W1,LS5,Fab,Fab,5,CPVT-HET,6357,20191022 P1 CS1 Cell A0005.oib,NA,692.506,186.206,0.155,0.446,NA,TRUE
2019-10-22,P1 CS1,A,W2,LS5,Fab,Fab,5,CPVT-HET,6357,20191022 P1 CS1 Cell A0005.oib,NA,5108.878,276.005,0.151,0.388,NA,TRUE
2019-10-22,P3 CS1,A,W1,LS7,Fab,Fab,5,CPVT-HET,6357,20191022 P3 CS1 Cell A0007.oib,NA,221.407,77.461,0.213,0.627,"nice traces when smoothing, caffeine effect very slow. No detrending applied.",TRUE
2019-10-22,P3 CS1,A,W2,LS7,Fab,Fab,5,CPVT-HET,6357,20191022 P3 CS1 Cell A0007.oib,NA,152.026,48.284,0.158,0.496,"nice traces when smoothing, caffeine effect very slow. No detrending applied.",TRUE
2019-10-22,P3 CS1,A,W3,LS7,Fab,Fab,5,CPVT-HET,6357,20191022 P3 CS1 Cell A0007.oib,NA,86.672,35.594,0.165,0.535,"nice traces when smoothing, caffeine effect very slow. No detrending applied.",TRUE
2019-10-22,P3 CS1,A,W4,LS7,Fab,Fab,5,CPVT-HET,6357,20191022 P3 CS1 Cell A0007.oib,NA,116,52.576,0.192,0.493,"nice traces when smoothing, caffeine effect very slow. No detrending applied.",TRUE
2019-10-22,P4 CS1,A,W1,LS7,Vehicle,Vehicle,5,CPVT-HET,6357,20191022 P4 CS1 Cell A0007_BG.tif,NA,NA,NA,0.2147,0.3626,NOTE: the program fail to determine the peak and tau. Done manually,TRUE
2019-10-22,P4 CS1,A,W2,LS7,Vehicle,Vehicle,5,CPVT-HET,6357,20191022 P4 CS1 Cell A0007_BG.tif,NA,473.305,102.427,0.112,0.351,NA,TRUE
2019-10-22,P4 CS1,A,W3,LS7,Vehicle,Vehicle,5,CPVT-HET,6357,20191022 P4 CS1 Cell A0007_BG.tif,NA,704.365,190.461,0.16,0.346,NA,TRUE
2019-10-24,P1 CS1,A,W1,LS8,Fab,Fab,7,CPVT-WT,6355,20191024 P1 CS1 Cell A0008.oib,NA,211.526,90.529,0.129,0.333,"NOTE: too many waves make very difficult to peak the real baseline, only taking an aproximated value.",TRUE
2019-10-24,P1 CS1,A,W2,LS8,Fab,Fab,7,CPVT-WT,6355,20191024 P1 CS1 Cell A0008.oib,NA,232.53,66.567,0.131,0.357,"NOTE: too many waves make very difficult to peak the real baseline, only taking an aproximated value.",TRUE
2019-10-24,P1 CS1,A,W2,LS8,Fab,Fab,7,CPVT-WT,6355,20191024 P1 CS1 Cell A0009.oib,NA,263.166,78.216,0.201,0.391,"NOTE: too many waves make very difficult to peak the real baseline, only taking an aproximated value.",TRUE
2019-10-25,P1 CS1,A,W1,LS2,Vehicle,Control,0,CPVT-HET,6833,20191025 P1 CS1 Cell A0002.oib,NA,2771.185,312.038,0.302,0.245,NA,TRUE
2019-10-25,P1 CS1,A,W1,LS3,Vehicle,Control,0,CPVT-HET,6833,20191025 P1 CS1 Cell A0003.oib,NA,541.924,153.152,0.224,0.211,a bit fast trace but good fitting.,TRUE
2019-10-25,P1 CS1,A,W1,LS4,Vehicle,Vehicle,5,CPVT-HET,6833,20191025 P1 CS1 Cell A0004.oib,NA,1267.006,200.965,0.211,0.311,a bit low signal,TRUE
2019-10-25,P1 CS1,A,W2,LS4,Vehicle,Vehicle,5,CPVT-HET,6833,20191025 P1 CS1 Cell A0004.oib,NA,1733.7,191.448,0.172,0.307,a bit low signal,TRUE
2019-10-25,P1 CS1,A,W1,LS5,Vehicle,Vehicle,5,CPVT-HET,6833,20191025 P1 CS1 Cell A0005.oib,NA,4386.733,331.255,0.22,0.294,NA,TRUE
2019-10-25,P1 CS1,A,W2,LS5,Vehicle,Vehicle,5,CPVT-HET,6833,20191025 P1 CS1 Cell A0005.oib,NA,1274.992,319.289,0.222,0.038,NA,TRUE
2019-10-25,P2 CS3,A,W1,LS2,Fab,Control,0,CPVT-HET,6833,20191025 P2 CS3 Cell A0002.oib,NA,1300.119,270.96,0.538,1.404,outlayer because movement after caffeine after close inspection.,TRUE
2019-10-25,P2 CS3,A,W1,LS4,Fab,Fab,5,CPVT-HET,6833,20191025 P2 CS3 Cell A0004.oib,NA,681.201,165.849,0.408,1.609,outlayer because movement after caffeine after close inspection.,TRUE
2019-10-25,P2 CS3,A,W2,LS4,Fab,Fab,5,CPVT-HET,6833,20191025 P2 CS3 Cell A0004.oib,NA,348.697,89.621,0.338,1.557,outlayer because movement after caffeine after close inspection.,TRUE
2019-10-25,P2 CS3,A,W3,LS4,Fab,Fab,5,CPVT-HET,6833,20191025 P2 CS3 Cell A0004.oib,NA,843.872,128.981,0.412,1.562,outlayer because movement after caffeine after close inspection.,TRUE
2019-10-25,P2 CS3,A,W1,LS5,Fab,Fab,5,CPVT-HET,6833,20191025 P2 CS3 Cell A0005.oib,NA,510.448,178.05,0.33,1.603,outlayer because movement after caffeine after close inspection.,TRUE
2019-10-25,P2 CS3,A,W2,LS5,Fab,Fab,5,CPVT-HET,6833,20191025 P2 CS3 Cell A0005.oib,NA,528.131,136.003,0.366,1.602,outlayer because movement after caffeine after close inspection.,TRUE
2019-10-25,P2 CS3,A,W3,LS5,Fab,Fab,5,CPVT-HET,6833,20191025 P2 CS3 Cell A0005.oib,NA,753.983,160.19,0.314,1.593,outlayer because movement after caffeine after close inspection.,TRUE
2019-10-25,P2 CS1,A,W1,LS8,Fab,Fab,5,CPVT-HET,6833,20191025 P2 CS1 Cell A0008.oib,NA,NA,NA,NA,0.3482,Signal to low to analyze. only calculating the SR Ca2+ at bseline,TRUE
2019-10-25,P2 CS1,A,W2,LS8,Fab,Fab,5,CPVT-HET,6833,20191025 P2 CS1 Cell A0008.oib,NA,NA,NA,NA,0.3963,Signal to low to analyze. only calculating the SR Ca2+ at bseline,TRUE
2019-10-25,P2 CS1,A,W3,LS8,Fab,Fab,5,CPVT-HET,6833,20191025 P2 CS1 Cell A0008.oib,NA,NA,NA,NA,0.3669,Signal to low to analyze. only calculating the SR Ca2+ at bseline,TRUE
2019-10-25,P2 CS2,A,W1,LS5,Vehicle,Vehicle,5,CPVT-HET,6833,20191025 P2 CS2 Cell A0005.oib,NA,NA,NA,0.1483,0.2051,Signal to low to analyze. only calculating the SR Ca2+ at bseline + nadir manually. No tau calculation possible,TRUE
2019-10-25,P2 CS2,A,W1,LS6,Vehicle,Vehicle,5,CPVT-HET,6833,20191025 P2 CS2 Cell A0006.oib,NA,NA,NA,NA,0.1901,Signal to low to analyze. only calculating the SR Ca2+ at bseline. No tau nor nadir calculation possible,TRUE
2019-10-31,P2 CS1,A,W1,LS6,Fab,Fab,5,CPVT-WT,6823,20191031 P2 CS1 Cell A0006.oib,NA,NA,NA,0.1673,0.2849,NOTE: the program crash here. SR Ca2+ baseline and wave calculated manually.,TRUE
2019-10-31,P2 CS1,A,W2,LS6,Fab,Fab,5,CPVT-WT,6823,20191031 P2 CS1 Cell A0006.oib,NA,NA,NA,0.1632,0.2656,NOTE: the program crash here. SR Ca2+ baseline and wave calculated manually.,TRUE
2019-10-31,P2 CS1,A,W3,LS6,Fab,Fab,5,CPVT-WT,6823,20191031 P2 CS1 Cell A0006.oib,NA,NA,NA,0.2143,0.3091,NOTE: the program crash here. SR Ca2+ baseline and wave calculated manually.,TRUE
2019-10-31,P2 CS2,A,W1,LS2,Vehicle,Control,0,CPVT-WT,6823,20191031 P2 CS2 Cell A0002.oib,NA,800.602,184.042,0.184,0.181,NA,TRUE
2019-10-31,P2 CS2,A,W2,LS2,Vehicle,Control,0,CPVT-WT,6823,20191031 P2 CS2 Cell A0002.oib,NA,980.138,254.445,0.23,0.189,NA,TRUE
2019-10-31,P2 CS2,A,W1,LS4,Vehicle,Vehicle,5,CPVT-WT,6823,20191031 P2 CS2 Cell A0004_BG.tif,NA,963.393,283.523,0.215,0.32,NA,TRUE
2019-10-31,P2 CS2,A,W1,LS5,Vehicle,Vehicle,5,CPVT-WT,6823,20191031 P2 CS2 Cell A0005.oib,NA,1073.093,213.214,0.188,0.319,NA,TRUE
2019-10-31,P2 CS2,A,W2,LS5,Vehicle,Vehicle,5,CPVT-WT,6823,20191031 P2 CS2 Cell A0005.oib,NA,-12437.452,494.815,0.194,0.303,negative and strange shape of the wave,TRUE
2019-10-31,P2 CS3,A,W1,LS2,Fab,Control,0,CPVT-WT,6823,20191031 P2 CS3 Cell A0002.oib,NA,1015.156,280.476,0.308,0.556,NA,TRUE
2019-10-31,P2 CS3,A,W2,LS2,Fab,Control,0,CPVT-WT,6823,20191031 P2 CS3 Cell A0002.oib,NA,1374.252,318.401,0.303,0.52,NA,TRUE
2019-10-31,P2 CS3,A,W1,LS4,Fab,Fab,5,CPVT-WT,6823,20191031 P2 CS3 Cell A0004.oib,NA,4430.142,383.681,0.341,0.601,NA,TRUE
2019-10-31,P2 CS3,A,W2,LS4,Fab,Fab,5,CPVT-WT,6823,20191031 P2 CS3 Cell A0004.oib,NA,3584.04,256.027,0.285,0.496,NA,TRUE
2019-10-31,P2 CS3,A,W1,LS5,Fab,Fab,5,CPVT-WT,6823,20191031 P2 CS3 Cell A0005.oib,NA,2453.066,378.839,0.299,0.479,NA,TRUE
2019-10-31,P2 CS3,A,W2,LS5,Fab,Fab,5,CPVT-WT,6823,20191031 P2 CS3 Cell A0005.oib,NA,2277.417,343.177,0.279,0.482,NA,TRUE
2019-10-31,P2 CS4,A,W1,LS2,Vehicle,Control,0,CPVT-WT,6823,20191031 P2 CS4 Cell A0002.oib,NA,11642.847,372.607,0.262,0.397,NA,TRUE
2019-10-31,P2 CS4,A,W1,LS4,Vehicle,Vehicle,3,CPVT-WT,6823,20191031 P2 CS4 Cell A0004.oib,NA,2590.946,290.503,0.324,0.552,NA,TRUE
2019-10-31,P2 CS4,A,W2,LS4,Vehicle,Vehicle,3,CPVT-WT,6823,20191031 P2 CS4 Cell A0004.oib,NA,1414.552,299.141,0.299,0.461,NA,TRUE
2019-10-31,P2 CS4,A,W1,LS5,Vehicle,Vehicle,3,CPVT-WT,6823,20191031 P2 CS4 Cell A0005.oib,NA,2241.909,284.733,0.317,0.492,NA,TRUE
2019-10-31,P2 CS4,A,W2,LS5,Vehicle,Vehicle,3,CPVT-WT,6823,20191031 P2 CS4 Cell A0005.oib,NA,882.245,227.355,0.236,0.473,"signal decreasing, may be to be removed",TRUE
2019-10-31,P2 CS5,A,W1,LS2,Fab,Control,0,CPVT-WT,6823,20191031 P2 CS5 Cell A0002.oib,NA,1842.38,271.788,0.26,0.415,NA,TRUE
2019-10-31,P2 CS5,A,W1,LS4,Fab,Fab,5,CPVT-WT,6823,20191031 P2 CS5 Cell A0004.oib,NA,431.27,94.923,0.36,0.485,NA,TRUE
2019-10-31,P2 CS5,A,W2,LS4,Fab,Fab,5,CPVT-WT,6823,20191031 P2 CS5 Cell A0004.oib,NA,600.147,112.315,0.286,0.485,NA,TRUE
2019-10-31,P2 CS5,A,W3,LS4,Fab,Fab,5,CPVT-WT,6823,20191031 P2 CS5 Cell A0004.oib,NA,279.783,101.309,0.277,0.467,NA,TRUE
2019-10-31,P2 CS5,A,W1,LS5,Fab,Fab,5,CPVT-WT,6823,20191031 P2 CS5 Cell A0005.oib,NA,678.647,86.575,0.24,0.41,NA,TRUE
2019-10-31,P2 CS5,A,W2,LS5,Fab,Fab,5,CPVT-WT,6823,20191031 P2 CS5 Cell A0005.oib,NA,336.931,118.067,0.256,0.427,NA,TRUE
2019-10-31,P3 CS2,A,W1,LS2,Fab,Control,0,CPVT-WT,6823,20191031 P3 CS2 Cell A0002.oib,NA,1398.03,265.766,0.384,0.721,NA,TRUE
2019-10-31,P3 CS2,A,W1,LS4,Fab,Fab,5,CPVT-WT,6823,20191031 P3 CS2 Cell A0004.oib,NA,310.803,117.624,0.272,0.907,NA,TRUE
2019-10-31,P3 CS2,A,W2,LS4,Fab,Fab,5,CPVT-WT,6823,20191031 P3 CS2 Cell A0004.oib,NA,382.698,72.283,0.238,0.851,NA,TRUE
2019-10-31,P3 CS2,A,W3,LS4,Fab,Fab,5,CPVT-WT,6823,20191031 P3 CS2 Cell A0004.oib,NA,163.207,54.31,0.279,0.928,NA,TRUE
2019-10-31,P3 CS2,A,W1,LS5,Fab,Fab,5,CPVT-WT,6823,20191031 P3 CS2 Cell A0005.oib,NA,318.374,105.67,0.298,0.847,NA,TRUE
2019-10-31,P3 CS2,A,W2,LS5,Fab,Fab,5,CPVT-WT,6823,20191031 P3 CS2 Cell A0005.oib,NA,481.282,107.938,0.254,0.825,NA,TRUE
2019-10-31,P3 CS2,A,W3,LS5,Fab,Fab,5,CPVT-WT,6823,20191031 P3 CS2 Cell A0005.oib,NA,275.751,109.857,0.322,0.868,NA,TRUE
2019-10-31,P3 CS3,A,W1,LS2,Vehicle,Control,0,CPVT-WT,6823,20191031 P3 CS3 Cell A0002.oib,NA,7683.092,268.838,0.346,0.686,NA,TRUE
2019-10-31,P3 CS3,A,W1,LS5,Vehicle,Vehicle,5,CPVT-WT,6823,20191031 P3 CS3 Cell A0005.oib,NA,1250.69,212.89,0.258,0.766,NA,TRUE
2019-10-31,P3 CS3,A,W1,LS6,Vehicle,Vehicle,5,CPVT-WT,6823,20191031 P3 CS3 Cell A0006.oib,NA,1672.054,56.494,0.269,0.813,NA,TRUE
2019-11-21,P3 CS2,A,W1,LS6,Vehicle,Vehicle,5,CPVT-HET,6999,20191121 P3 CS2 Cell A0006.oib,NA,NA,NA,NA,0.3762,no waves present during vehicle application. Only baseline analyzed,TRUE
2019-11-21,P3 CS2,A,W2,LS6,Vehicle,Vehicle,5,CPVT-HET,6999,20191121 P3 CS2 Cell A0006.oib,NA,NA,NA,NA,0.362,no waves present during vehicle application. Only baseline analyzed,TRUE
2019-11-21,P3 CS2,A,W3,LS6,Vehicle,Vehicle,5,CPVT-HET,6999,20191121 P3 CS2 Cell A0006.oib,NA,NA,NA,NA,0.3753,no waves present during vehicle application. Only baseline analyzed,TRUE
2019-11-21,P3 CS3,A,W1,LS6,Fab,Fab,7,CPVT-HET,6999,20191121 P3 CS3 Cell A0006.oib,NA,NA,NA,NA,0.1112,"signal of wave in SR very tiny, no possible to analyze. Only considering local baseline.",TRUE
2019-11-21,P3 CS3,A,W2,LS6,Fab,Fab,7,CPVT-HET,6999,20191121 P3 CS3 Cell A0006.oib,NA,NA,NA,NA,0.109,"signal of wave in SR very tiny, no possible to analyze. Only considering local baseline.",TRUE
2019-11-21,P3 CS3,A,W3,LS6,Fab,Fab,7,CPVT-HET,6999,20191121 P3 CS3 Cell A0006.oib,NA,NA,NA,NA,0.1342,"signal of wave in SR very tiny, no possible to analyze. Only considering local baseline.",TRUE
2019-11-25,P2 CS1,A,W1,LS6,Fab,Fab,7,CPVT-HET,7560,20191125 P2 CS1 Cell A0006.oib,NA,NA,NA,NA,0.1655,"NOTE: wave amplitude too tiny, no posible to determine. only  baseline SR level before waves analyzed.",TRUE
2019-11-25,P2 CS1,A,W2,LS6,Fab,Fab,7,CPVT-HET,7560,20191125 P2 CS1 Cell A0006.oib,NA,NA,NA,NA,0.3059,"NOTE: wave amplitude too tiny, no posible to determine. only  baseline SR level before waves analyzed.",TRUE
2019-11-25,P2 CS1,A,W3,LS6,Fab,Fab,7,CPVT-HET,7560,20191125 P2 CS1 Cell A0006.oib,NA,NA,NA,NA,0.3166,"NOTE: wave amplitude too tiny, no posible to determine. only  baseline SR level before waves analyzed.",TRUE
2019-11-25,P3 CS3,A,W1,LS6,Fab,Fab,7,CPVT-HET,7560,20191125 P3 CS3 Cell A0006.oib,NA,NA,NA,0.3107,0.4044,NA,TRUE
2019-11-25,P3 CS3,A,W2,LS6,Fab,Fab,7,CPVT-HET,7560,20191125 P3 CS3 Cell A0006.oib,NA,NA,NA,0.3651,0.4297,NA,TRUE
2019-11-25,P3 CS3,A,W3,LS6,Fab,Fab,7,CPVT-HET,7560,20191125 P3 CS3 Cell A0006.oib,NA,NA,NA,0.2738,0.3342,NA,TRUE
2019-11-29,P3 CS2,A,W1,LS4,Fab,Fab,5,CPVT-WT,6359,20191129 P3 CS2 Cell A0004.oib,NA,706.207,92.9,0.199,0.601,"nice trace, nice effect on Tau but not in the frequency: transient efect only observed at the begining of the exp",TRUE
2019-11-29,P3 CS2,A,W2,LS4,Fab,Fab,5,CPVT-WT,6359,20191129 P3 CS2 Cell A0004.oib,NA,584.789,152.533,0.211,0.487,NA,TRUE
2019-11-29,P3 CS2,A,W3,LS4,Fab,Fab,5,CPVT-WT,6359,20191129 P3 CS2 Cell A0004.oib,NA,816.908,188.765,0.237,0.466,NA,TRUE
2019-11-29,P3 CS2,A,W1,LS5,Fab,Fab,5,CPVT-WT,6359,20191129 P3 CS2 Cell A0005.oib,NA,303121.97,309.446,0.214,0.444,fit of the tau no good,TRUE
2019-11-29,P3 CS2,A,W2,LS5,Fab,Fab,5,CPVT-WT,6359,20191129 P3 CS2 Cell A0005.oib,NA,-1587.951,349.462,0.172,0.443,fit of the tau no good,TRUE
2019-11-29,P4 CS3,A,W1,LS7,Fab,Fab,7,CPVT-WT,6359,20191129 P4 CS3 Cell A0007.oib,NA,NA,NA,NA,0.2862,"wave amplitude toot tiny, no posible to determine. only  baseline SR level before waves analyzed.",TRUE
2019-11-29,P4 CS3,NA,W2,LS7,Fab,Fab,7,CPVT-WT,6359,20191129 P4 CS3 Cell A0007.oib,NA,NA,NA,NA,0.292,NA,TRUE
2019-11-29,P4 CS3,NA,W3,LS7,Fab,Fab,7,CPVT-WT,6359,20191129 P4 CS3 Cell A0007.oib,NA,NA,NA,NA,0.2771,NA,TRUE
2021-12-15,P2 CS1,A,W1,LS3,cAMP,cAMP,5,CPVT-HET,10546,20211215 P2 CS1 Cell A0003.oib,NA,NA,NA,NA,0.0482,Signal to low to analyze. only calculating the SR Ca2+ at bseline manually,TRUE
2021-12-15,P2 CS1,A,W2,LS3,cAMP,cAMP,5,CPVT-HET,10546,20211215 P2 CS1 Cell A0003.oib,NA,NA,NA,NA,0.0522,Signal to low to analyze. only calculating the SR Ca2+ at bseline manually,TRUE
2021-12-15,P2 CS1,A,W3,LS3,cAMP,cAMP,5,CPVT-HET,10546,20211215 P2 CS1 Cell A0003.oib,NA,NA,NA,NA,0.0324,Signal to low to analyze. only calculating the SR Ca2+ at bseline manually,TRUE
2021-12-15,P2 CS2,A,W1,LS3,cAMP,cAMP,7,CPVT-HET,10546,20211215 P2 CS2 Cell A0003.oib,NA,408.232,135.466,0.168,0.289,NA,TRUE
2021-12-15,P2 CS2,A,W2,LS3,cAMP,cAMP,7,CPVT-HET,10546,20211215 P2 CS2 Cell A0003_BG.tif,NA,-183.514,139.585,0.127,0.255,Note: negative tau? analysis not succesfull for tau,TRUE
2021-12-15,P2 CS2,A,W1,LS2,cAMP,cAMP,7,CPVT-HET,10546,20211215 P2 CS2 Cell A0002.oib,NA,-6011.506,351.723,0.182,0.306,Note: negative tau? analysis not succesfull for tau,TRUE
2021-12-15,P2 CS2,A,W2,LS2,cAMP,cAMP,7,CPVT-HET,10546,20211215 P2 CS2 Cell A0002_BG.tif,NA,2044.81,339.65,0.142,0.265,NA,TRUE
2021-12-15,P2 CS2,A,W3,LS2,cAMP,cAMP,7,CPVT-HET,10546,20211215 P2 CS2 Cell A0002.oib,NA,14740.312,491.671,0.175,0.263,tau way too large? No porperly determined,TRUE
2021-12-15,P3 CS1,A,W1,LS3,cAMP,cAMP,5,CPVT-HET,10546,20211215 P3 CS1 Cell A0003.oib,NA,7201.87,239.707,0.071,0.078,NA,TRUE
2021-12-15,P3 CS1,A,W2,LS3,cAMP,cAMP,5,CPVT-HET,10546,20211215 P3 CS1 Cell A0003_BG.tif,NA,-1837.983,138.392,0.06,0.085,Note: negative tau? analysis not succesfull for tau,TRUE
2021-12-15,P3 CS1,A,W3,LS3,cAMP,cAMP,5,CPVT-HET,10546,20211215 P3 CS1 Cell A0003_BG.tif,NA,295.975,-152.258,0.052,0.079,NA,TRUE
2021-12-15,P3 CS3,A,W1,LS3,cAMP,cAMP,5,CPVT-HET,10546,20211215 P3 CS3 Cell A0003.oib,NA,NA,NA,0.1544,0.2083,NOTE: the program crash here. SR Ca2+ baseline,TRUE
2021-12-15,P3 CS3,A,W1,LS2,cAMP,cAMP,5,CPVT-HET,10546,20211215 P3 CS3 Cell A0002_BG.tif,NA,1507.334,292.011,0.087,0.232,NA,TRUE
2021-12-15,P3 CS3,A,W2,LS2,cAMP,cAMP,5,CPVT-HET,10546,20211215 P3 CS3 Cell A0002_BG.tif,NA,-2641.89,-36.995,0.092,0.213,Note: negative tau? analysis not succesfull for tau,TRUE
2021-12-22,P1 CS2,A,W1,LS3,cAMP,cAMP,16,CPVT-WT,10814,20211222 P1 CS2 Cell A0003.oib,NA,NA,NA,0.0097,0.0321,"only taking the last trace for photobleaching correction due to the inhomogeneity of single traces.. no automatic DF/Fcaff detection usign the macros, signal too noisy. Done manually",TRUE
2021-12-22,P1 CS2,A,W2,LS3,cAMP,cAMP,16,CPVT-WT,10814,20211222 P1 CS2 Cell A0003.oib,NA,NA,NA,1e-4,0.0375,"only taking the last trace for photobleaching correction due to the inhomogeneity of single traces.. no automatic DF/Fcaff detection usign the macros, signal too noisy. Done manually",TRUE
2021-12-22,P1 CS2,A,W3,LS3,cAMP,cAMP,16,CPVT-WT,10814,20211222 P1 CS2 Cell A0003.oib,NA,NA,NA,0.0017,0.0423,"only taking the last trace for photobleaching correction due to the inhomogeneity of single traces.. no automatic DF/Fcaff detection usign the macros, signal too noisy. Done manually",TRUE
2021-12-22,P1 CS3,A,W1,LS1,cAMP,cAMP,21,CPVT-WT,10814,20211222 P1 CS3 Cell A0001.oib,NA,962.369,353.357,0.16,0.497,NA,TRUE
2021-12-22,P1 CS3,A,W1,LS2,cAMP,cAMP,21,CPVT-WT,10814,20211222 P1 CS3 Cell A0002_BG.tif,NA,-2046.314,387.951,0.186,0.512,tau calculated with macro not correct,TRUE
2021-12-22,P1 CS3,A,W1,LS3,cAMP,cAMP,21,CPVT-WT,10814,20211222 P1 CS3 Cell A0003_BG.tif,NA,NA,NA,0.3361,0.5018,the program crash here. SR Ca2+ baseline and wave calculated manually.,TRUE
2021-12-22,P2 CS3,A,W1,LS1,cAMP,cAMP,22,CPVT-WT,10814,20211222 P2 CS3 Cell A0001.oib,NA,1330.978,429.15,0.261,0.637,Note: Huge waves/SR loading signal,TRUE
2021-12-22,P2 CS3,A,W1,LS2,cAMP,cAMP,22,CPVT-WT,10814,20211222 P2 CS3 Cell A0002_BG.tif,NA,1564.924,536.111,0.226,0.622,Note: Huge waves/SR loading signal,TRUE
2021-12-22,P2 CS3,A,W1,LS3,cAMP,cAMP,22,CPVT-WT,10814,20211222 P2 CS3 Cell A0003.oib,NA,748.814,259.297,0.227,0.609,Note: Huge waves/SR loading signal,TRUE
2021-12-22,P3 CS1,A,W1,LS5,Fab,Fab,7,CPVT-WT,10814,20211222 P3 CS1 Cell A0005.oib,NA,1236.32,-1.426,0.074,0.256,NA,TRUE
2021-12-22,P3 CS1,A,W2,LS5,Fab,Fab,7,CPVT-WT,10814,20211222 P3 CS1 Cell A0005.oib,NA,49.543,38.169,0.069,0.241,tau calculated with macro not correct,TRUE
2021-12-22,P3 CS1,A,W3,LS5,Fab,Fab,7,CPVT-WT,10814,20211222 P3 CS1 Cell A0005_BG.tif,NA,14314.943,230.242,0.111,0.244,tau calculated with macro not correct,TRUE
2021-12-22,P3 CS3,A,W1,LS5,Fab,Fab,7,CPVT-WT,10814,20211222 P3 CS3 Cell A0005.oib,NA,333.716,235.669,0.058,0.131,NA,TRUE
2021-12-22,P3 CS3,A,W2,LS5,Fab,Fab,7,CPVT-WT,10814,20211222 P3 CS3 Cell A0005_BG.tif,NA,NA,NA,NA,0.199,"no posible to make photocorrection, strange artefact. measurign only baseline manually.",TRUE
2021-12-22,P3 CS3,A,W1,LS3,Fab,Fab,5,CPVT-WT,10814,20211222 P3 CS3 Cell A0003.oib,NA,-331.833,NA,0.054,0.153,tau calculated with macro not correct,TRUE
2021-12-22,P3 CS3,A,W2,LS3,Fab,Fab,5,CPVT-WT,10814,20211222 P3 CS3 Cell A0003_BG.tif,NA,-1155.529,-206.596,0.067,0.146,tau calculated with macro not correct,TRUE
2021-12-22,P4 CS1,A,W1,LS3,cAMP,cAMP,5,CPVT-WT,10814,20211222 P4 CS1 Cell A0003.oib,NA,-561.081,NA,0.087,0.213,tau calculated with macro not correct,TRUE
2021-12-22,P4 CS1,A,W2,LS3,cAMP,cAMP,5,CPVT-WT,10814,20211222 P4 CS1 Cell A0003.oib,NA,619.279,-80.181,0.089,0.184,NA,TRUE
2021-12-22,P4 CS1,A,W3,LS3,cAMP,cAMP,5,CPVT-WT,10814,20211222 P4 CS1 Cell A0003.oib,NA,299.732,95.403,0.067,0.161,NA,TRUE
2021-12-22,P4 CS1,A,W1,LS2,cAMP,cAMP,5,CPVT-WT,10814,20211222 P4 CS1 Cell A0002.oib,NA,NA,NA,0.158,0.2137,the program crash here. SR Ca2+ baseline and wave calculated manually.,TRUE
2021-12-22,P4 CS3,A,W1,LS3,cAMP,cAMP,12,CPVT-WT,10814,20211222 P4 CS3 Cell A0003.oib,NA,1769.817,489.25,0.213,0.523,NA,TRUE
2021-12-22,P4 CS3,A,W3,LS3,cAMP,cAMP,12,CPVT-WT,10814,20211222 P4 CS3 Cell A0003.oib,NA,-1617.249,971.704,0.213,0.496,tau calculated with macro not correct,TRUE
2021-12-22,P4 CS3,A,W1,LS2,cAMP,cAMP,12,CPVT-WT,10814,20211222 P4 CS3 Cell A0002.oib,NA,1619.336,473.563,0.213,0.494,NA,TRUE
2021-12-22,P4 CS3,A,W2,LS2,cAMP,cAMP,12,CPVT-WT,10814,20211222 P4 CS3 Cell A0002.oib,NA,3404.249,924.272,0.209,0.492,NA,TRUE
2021-12-28,P1 CS1,A,W1,LS1,cAMP,cAMP,5,CPVT-WT,10802,20211228 P1 CS1 Cell A0001.oib,NA,336.708,101.708,0.104,0.133,NA,TRUE
2021-12-28,P1 CS1,A,W2,LS1,cAMP,cAMP,5,CPVT-WT,10802,20211228 P1 CS1 Cell A0001.oib,NA,561.639,188.799,0.118,0.128,NA,TRUE
2021-12-28,P1 CS1,A,W1,LS2,cAMP,cAMP,5,CPVT-WT,10802,20211228 P1 CS1 Cell A0002.oib,NA,453.196,150.517,0.116,0.13,NA,TRUE
2021-12-28,P1 CS1,A,W2,LS2,cAMP,cAMP,5,CPVT-WT,10802,20211228 P1 CS1 Cell A0002.oib,NA,364.191,109.477,0.083,0.111,NA,TRUE
2021-12-28,P1 CS3,A,W1,LS2,cAMP,cAMP,22,CPVT-WT,10802,20211228 P1 CS3 Cell A0002.oib,NA,3075.328,245.515,0.112,0.329,NA,TRUE
2021-12-28,P1 CS3,A,W2,LS2,cAMP,cAMP,22,CPVT-WT,10802,20211228 P1 CS3 Cell A0002.oib,NA,1019.601,117.179,0.097,0.301,NA,TRUE
2021-12-28,P1 CS3,A,W1,LS1,cAMP,cAMP,22,CPVT-WT,10802,20211228 P1 CS3 Cell A0001.oib,NA,10046.832,211.299,0.109,0.328,NA,TRUE
2021-12-28,P1 CS3,A,W2,LS1,cAMP,cAMP,22,CPVT-WT,10802,20211228 P1 CS3 Cell A0001.oib,NA,3899.594,357.517,0.121,0.316,NA,TRUE
2021-12-28,P2 CS1,A,W1,LS2,Fab,Fab,7,CPVT-WT,10802,20211228 P2 CS1 Cell C0002.oib,NA,875.403,215.575,0.191,0.519,NA,TRUE
2021-12-28,P2 CS1,A,W2,LS2,Fab,Fab,7,CPVT-WT,10802,20211228 P2 CS1 Cell C0002.oib,NA,2780.166,226.428,0.154,0.484,NA,TRUE
2021-12-28,P2 CS1,A,W1,LS3,Fab,Fab,7,CPVT-WT,10802,20211228 P2 CS1 Cell C0003.oib,NA,2285.919,457.009,0.151,0.476,NA,TRUE
2021-12-28,P2 CS1,A,W2,LS3,Fab,Fab,7,CPVT-WT,10802,20211228 P2 CS1 Cell C0003.oib,NA,3624.978,274.209,0.17,0.481,NA,TRUE
2021-12-28,P2 CS2,A,W1,LS3,Fab,Fab,7,CPVT-WT,10802,20211228 P2 CS2 Cell A0003.oib,NA,2168.965,499.018,0.146,0.231,NA,TRUE
2021-12-28,P2 CS2,A,W2,LS3,Fab,Fab,7,CPVT-WT,10802,20211228 P2 CS2 Cell A0003.oib,NA,2623.119,433.815,0.14,0.216,NA,TRUE
2021-12-28,P2 CS2,A,W3,LS3,Fab,Fab,7,CPVT-WT,10802,20211228 P2 CS2 Cell A0003.oib,NA,-1109.045,-604.825,0.128,0.204,negative tau calcutlated wrong with the macro.,TRUE
2021-12-28,P3 CS1,A,W1,LS1,Vehicle,Vehicle,7,CPVT-WT,10802,20211228 P3 CS1 Cell A0001.oib,NA,1752.263,388.346,0.111,0.248,NA,TRUE
2021-12-28,P3 CS1,A,W2,LS1,Vehicle,Vehicle,7,CPVT-WT,10802,20211228 P3 CS1 Cell A0001.oib,NA,2502.587,468.42,0.166,0.236,NA,TRUE
2021-12-28,P3 CS1,A,W1,LS3,Vehicle,Vehicle,7,CPVT-WT,10802,20211228 P3 CS1 Cell A0003.oib,NA,2159.325,282.535,0.109,0.231,NA,TRUE
2021-12-28,P4 CS1,A,W1,LS1,cAMP,cAMP,7,CPVT-WT,10802,20211228 P4 CS1 Cell A0001.oib,NA,-800462.758,565.503,0.141,0.448,negative tau calcutlated wrong with the macro.,TRUE
2021-12-28,P4 CS1,A,W2,LS1,cAMP,cAMP,7,CPVT-WT,10802,20211228 P4 CS1 Cell A0001.oib,NA,2152.487,327.617,0.138,0.423,NA,TRUE
2021-12-28,P4 CS1,A,W1,LS2,cAMP,cAMP,7,CPVT-WT,10802,20211228 P4 CS1 Cell A0002.oib,NA,2389.939,352.714,0.132,0.459,NA,TRUE
2021-12-28,P4 CS1,A,W2,LS2,cAMP,cAMP,7,CPVT-WT,10802,20211228 P4 CS1 Cell A0002.oib,NA,3738.614,453.646,0.17,0.441,NA,TRUE
2021-12-28,P4 CS3,A,W1,LS1,cAMP,cAMP,18,CPVT-WT,10802,20211228 P4 CS3 Cell A0001.oib,NA,5209.991,624.036,0.099,0.202,NA,TRUE
2021-12-28,P4 CS3,A,W1,LS3,cAMP,cAMP,18,CPVT-WT,10802,20211228 P4 CS3 Cell A0003.oib,NA,-1307.656,-120.782,0.136,0.253,negative tau calcutlated wrong with the macro.,TRUE
2021-12-28,P4 CS3,A,W2,LS3,cAMP,cAMP,18,CPVT-WT,10802,20211228 P4 CS3 Cell A0003.oib,NA,1827.602,347.059,0.115,0.223,NA,TRUE
2021-12-29,P2 CS1,A,W1,LS1,cAMP,cAMP,5,CPVT-HET,10797,20211229 P2 CS1 Cell A0001.oib,NA,15348.426,206.638,0.105,0.253,NA,TRUE
2021-12-29,P2 CS1,A,W1,LS2,cAMP,cAMP,5,CPVT-HET,10797,20211229 P2 CS1 Cell A0002.oib,NA,1127.314,370.174,0.106,0.305,NA,TRUE
2021-12-29,P2 CS1,A,W1,LS3,cAMP,cAMP,5,CPVT-HET,10797,20211229 P2 CS1 Cell A0003.oib,NA,865.479,242.23,0.105,0.281,NA,TRUE
2021-12-29,P2 CS3,A,W1,LS1,cAMP,cAMP,22,CPVT-HET,10797,20211229 P2 CS3 Cell A0001.oib,NA,414.322,89.66,0.109,0.269,NA,TRUE
2021-12-29,P2 CS3,A,W1,LS2,cAMP,cAMP,22,CPVT-HET,10797,20211229 P2 CS3 Cell A0002.oib,NA,941.395,173.915,0.128,0.331,NA,TRUE
2021-12-29,P2 CS3,A,W1,LS3,cAMP,cAMP,22,CPVT-HET,10797,20211229 P2 CS3 Cell A0003_BG.tif,NA,718.801,31.756,0.109,0.268,NA,TRUE
2021-12-29,P3 CS1,A,W1,LS1,cAMP,cAMP,5,CPVT-HET,10797,20211229 P3 CS1 Cell A0001.oib,NA,770.336,171.62,0.129,0.296,NA,TRUE
2021-12-29,P3 CS1,A,W1,LS2,cAMP,cAMP,5,CPVT-HET,10797,20211229 P3 CS1 Cell A0002.oib,NA,846.115,49.642,0.121,0.331,NA,TRUE
2021-12-29,P3 CS1,A,W1,LS3,cAMP,cAMP,5,CPVT-HET,10797,20211229 P3 CS1 Cell A0003.oib,NA,596.834,7.41,0.133,0.329,NA,TRUE
2021-12-29,P3 CS1,A,W2,LS3,cAMP,cAMP,5,CPVT-HET,10797,20211229 P3 CS1 Cell A0003.oib,NA,-8493.305,-40.624,0.077,0.302,wrong tau calculated with macro.,TRUE
2021-12-29,P4 CS3,A,W1,LS2,cAMP,cAMP,16,CPVT-HET,10797,20211229 P4 CS3 Cell A0002.oib,NA,1359.087,458.619,0.182,0.45,NA,TRUE
2021-12-29,P4 CS3,A,W2,LS2,cAMP,cAMP,16,CPVT-HET,10797,20211229 P4 CS3 Cell A0002.oib,NA,867.944,354.214,0.183,0.418,NA,TRUE
2021-12-29,P4 CS3,A,W1,LS3,cAMP,cAMP,16,CPVT-HET,10797,20211229 P4 CS3 Cell A0003.oib,NA,2033.246,513.385,0.193,0.423,NA,TRUE
2021-12-29,P4 CS3,A,W2,LS3,cAMP,cAMP,16,CPVT-HET,10797,20211229 P4 CS3 Cell A0003.oib,NA,967.601,383.234,0.181,0.398,NA,TRUE
2021-12-30,P1 CS1,A,W1,LS1,cAMP,cAMP,5,CPVT-WT,10793,20211230 P1 CS1 Cell A0001.oib,NA,8386.758,534.917,0.119,0.325,NA,TRUE
2021-12-30,P1 CS1,A,W2,LS1,cAMP,cAMP,5,CPVT-WT,10793,20211230 P1 CS1 Cell A0001.oib,NA,890.509,173.934,0.122,0.344,NA,TRUE
2021-12-30,P1 CS1,A,W1,LS2,cAMP,cAMP,5,CPVT-WT,10793,20211230 P1 CS1 Cell A0002.oib,NA,2234.017,362.83,0.143,0.381,NA,TRUE
2021-12-30,P1 CS1,A,W2,LS2,cAMP,cAMP,5,CPVT-WT,10793,20211230 P1 CS1 Cell A0002.oib,NA,950.06,240.249,0.132,0.376,NA,TRUE
2021-12-30,P1 CS2,A,W1,LS1,cAMP,cAMP,12,CPVT-WT,10793,20211230 P1 CS2 Cell A0001.oib,NA,2576.691,436.5,0.116,0.311,NA,TRUE
2021-12-30,P1 CS2,A,W1,LS2,cAMP,cAMP,12,CPVT-WT,10793,20211230 P1 CS2 Cell A0002.oib,NA,2590.349,712.389,0.185,0.352,NA,TRUE
2021-12-30,P1 CS2,A,W1,LS3,cAMP,cAMP,12,CPVT-WT,10793,20211230 P1 CS2 Cell A0003.oib,NA,3921.904,827.741,0.162,0.383,NA,TRUE
2021-12-30,P1 CS2,A,W2,LS3,cAMP,cAMP,12,CPVT-WT,10793,20211230 P1 CS2 Cell A0003.oib,NA,16041.3,1045.325,0.149,0.362,NA,TRUE
2021-12-30,P1 CS3,A,W1,LS1,cAMP,cAMP,22,CPVT-WT,10793,20211230 P1 CS3 Cell A0001.oib,NA,1085.974,489.106,0.11,0.296,NA,TRUE
2021-12-30,P1 CS3,A,W1,LS2,cAMP,cAMP,22,CPVT-WT,10793,20211230 P1 CS3 Cell A0002.oib,NA,5643.001,602,0.11,0.328,NA,TRUE
2021-12-30,P1 CS3,A,W2,LS2,cAMP,cAMP,22,CPVT-WT,10793,20211230 P1 CS3 Cell A0002.oib,NA,920.526,233.903,0.118,0.318,NA,TRUE
2021-12-30,P1 CS3,A,W1,LS3,cAMP,cAMP,22,CPVT-WT,10793,20211230 P1 CS3 Cell A0003.oib,NA,1414.407,382.293,0.092,0.328,NA,TRUE
2021-12-30,P2 CS2,A,W1,LS3,Fab,Fab,5,CPVT-WT,10793,20211230 P2 CS2 Cell A0003.oib,NA,4485.416,421.511,0.11,0.264,NA,TRUE
2021-12-30,P2 CS2,A,W2,LS3,Fab,Fab,5,CPVT-WT,10793,20211230 P2 CS2 Cell A0003.oib,NA,2057.047,112.327,0.089,0.25,NA,TRUE
2021-12-30,P2 CS2,A,W3,LS3,Fab,Fab,5,CPVT-WT,10793,20211230 P2 CS2 Cell A0003.oib,NA,1073.907,202.139,0.108,0.279,NA,TRUE
2021-12-30,P2 CS3,A,W1,LS2,Vehicle,Vehicle,5,CPVT-WT,10793,20211230 P2 CS3 Cell A0002.oib,NA,1811.559,418.405,0.104,0.381,NA,TRUE
2021-12-30,P3 CS3,A,W1,LS1,cAMP,cAMP,18,CPVT-WT,10793,20211230 P3 CS3 Cell A0001.oib,NA,3781.53,577.757,0.103,0.184,NA,TRUE
2021-12-30,P3 CS3,A,W2,LS1,cAMP,cAMP,18,CPVT-WT,10793,20211230 P3 CS3 Cell A0001.oib,NA,1863.992,477.816,0.115,0.171,NA,TRUE
2021-12-30,P3 CS3,A,W1,LS2,cAMP,cAMP,18,CPVT-WT,10793,20211230 P3 CS3 Cell A0002.oib,NA,5815.515,56.037,0.068,0.18,NA,TRUE
2021-12-30,P3 CS3,A,W2,LS2,cAMP,cAMP,18,CPVT-WT,10793,20211230 P3 CS3 Cell A0002.oib,NA,1012.553,368.054,0.037,0.134,NA,TRUE
2022-01-26,P1 CS1,A,W1,LS1,cAMP,cAMP,7,CPVT-WT,10795,20220126 P1 CS1 Cell A0001.oib,NA,-13922.868,445.497,0.143,0.257,wrong automatic tau fit by the macro,TRUE
2022-01-26,P1 CS1,A,W1,LS2,cAMP,cAMP,7,CPVT-WT,10795,20220126 P1 CS1 Cell A0002.oib,NA,969.727,259.053,0.143,0.273,NA,TRUE
2022-01-26,P1 CS1,A,W1,LS3,cAMP,cAMP,7,CPVT-WT,10795,20220126 P1 CS1 Cell A0003.oib,NA,3108.511,638.57,0.152,0.29,NA,TRUE
2022-01-26,P2 CS1,A,W2,LS3,cAMP,cAMP,11,CPVT-WT,10795,20220126 P2 CS1 Cell A0003.oib,NA,2727.619,-51.33,0.054,0.149,NA,TRUE
2022-01-26,P2 CS1,A,W3,LS3,cAMP,cAMP,11,CPVT-WT,10795,20220126 P2 CS1 Cell A0003.oib,NA,19.356,13.99,0.063,0.142,NOTE: tau not properly calculated. Amplitude of nadir difficult to resolve.,TRUE
2022-01-26,P2 CS2,A,W1,LS3,cAMP,cAMP,16,CPVT-WT,10795,20220126 P2 CS2 Cell A0002.oib,NA,482.927,-198.078,0.041,0.061,SR signal very low.,TRUE
2022-01-26,P2 CS2,A,W2,LS3,cAMP,cAMP,16,CPVT-WT,10795,20220126 P2 CS2 Cell A0003.oib,NA,192.981,64.193,0.078,0.081,baseline after wave got higher than before wave? May be no to use this value? If problems check traces,TRUE
2022-01-31,P1 CS1,A,W1,LS3,Vehicle,Vehicle,7,CPVT-HET,10783,20220131 P1 CS1 Cell A0003.oib,NA,6551.901,721.874,0.264,0.415,NA,TRUE
2022-01-31,P1 CS1,A,W2,LS3,Vehicle,Vehicle,7,CPVT-HET,10783,20220131 P1 CS1 Cell A0003.oib,NA,2002.065,634.434,0.222,0.38,NA,TRUE
2022-01-31,P1 CS1,A,W1,LS4,Vehicle,Vehicle,7,CPVT-HET,10783,20220131 P1 CS1 Cell A0004.oib,NA,2705.054,535.389,0.241,0.356,NA,TRUE
2022-01-31,P3 CS1,A,W1,LS1,cAMP,cAMP,12,CPVT-HET,10783,20220131 P3 CS1 Cell A0001.oib,NA,592.346,188.519,0.155,0.208,nice sr trace/macro fitting,TRUE
2022-01-31,P3 CS1,A,W2,LS1,cAMP,cAMP,12,CPVT-HET,10783,20220131 P3 CS1 Cell A0001.oib,NA,660.645,164.081,0.125,0.21,NA,TRUE
2022-01-31,P3 CS1,A,W1,LS2,cAMP,cAMP,12,CPVT-HET,10783,20220131 P3 CS1 Cell A0002.oib,NA,633.085,146.532,0.137,0.225,NA,TRUE
2022-02-01,P1 CS1,A,W1,LS2,Vehicle,Vehicle,8,CPVT-WT,10559,20220201 P1 CS1 Cell A0002.oib,NA,NA,NA,0.2253,0.3548,NOTE: the progrma crash when calculating the SR waves parameters. Calculated manually.,TRUE
2022-02-01,P1 CS1,A,W2,LS2,Vehicle,Vehicle,8,CPVT-WT,10559,20220201 P1 CS1 Cell A0002.oib,NA,2288.408,587.361,0.146,0.32,NA,TRUE
2022-02-01,P1 CS1,A,W1,LS3,Vehicle,Vehicle,8,CPVT-WT,10559,20220201 P1 CS1 Cell A0003.oib,NA,2070.438,411.222,0.159,0.348,NA,TRUE
2022-02-01,P1 CS1,A,W2,LS3,Vehicle,Vehicle,8,CPVT-WT,10559,20220201 P1 CS1 Cell A0003.oib,NA,-3388.704,1034.105,0.139,0.28,NA,TRUE
2022-02-01,P4 CS1,A,W1,LS1,cAMP,cAMP,7,CPVT-WT,10559,20220201 P4 CS1 Cell A0001.oib,NA,1178.04,193.756,0.15,0.237,NA,TRUE
2022-02-01,P4 CS1,A,W2,LS1,cAMP,cAMP,7,CPVT-WT,10559,20220201 P4 CS1 Cell A0001.oib,NA,1590.569,387.883,0.162,0.217,NA,TRUE
2022-02-01,P4 CS1,A,W1,LS2,cAMP,cAMP,7,CPVT-WT,10559,20220201 P4 CS1 Cell A0002.oib,NA,906.501,361.999,0.136,0.216,NA,TRUE
2022-02-01,P4 CS1,A,W2,LS2,cAMP,cAMP,7,CPVT-WT,10559,20220201 P4 CS1 Cell A0002.oib,NA,2034.431,340.134,0.154,0.24,NA,TRUE
2022-02-02,P1 CS2,A,W1,LS2,cAMP,cAMP,18,CPVT-HET,10794,20220202 P1 CS2 Cell A0002.oib,NA,56.07,29.738,0.061,0.242,"only Baseline was calculated ok with macro, signal to noise so tau un wave amplitude no so reliable.",TRUE
2022-02-02,P1 CS2,A,W2,LS2,cAMP,cAMP,18,CPVT-HET,10794,20220202 P1 CS2 Cell A0002.oib,NA,4758.958,62.743,0.083,0.231,NA,TRUE
2022-02-02,P1 CS2,A,W3,LS2,cAMP,cAMP,18,CPVT-HET,10794,20220202 P1 CS2 Cell A0002.oib,NA,-2201.228,-41.209,0.096,0.236,"tau is negative, calculated wrong by the macro",TRUE
2022-02-02,P2 CS2,A,W1,LS1,Vehicle,Vehicle,16,CPVT-HET,10794,20220202 P2 CS2 Cell A0001.oib,NA,346.691,135.697,0.058,0.08,NA,TRUE
2022-02-02,P2 CS2,A,W1,LS2,Vehicle,Vehicle,16,CPVT-HET,10794,20220202 P2 CS2 Cell A0002.oib,NA,652.616,NA,0.046,0.087,NA,TRUE
2022-02-02,P2 CS2,A,W1,LS3,Vehicle,Vehicle,16,CPVT-HET,10794,20220202 P2 CS2 Cell A0003.oib,NA,277.932,33.793,0.053,0.07,NA,TRUE
2022-02-02,P3 CS3,A,W1,LS3,cAMP,cAMP,16,CPVT-HET,10794,20220202 P3 CS3 Cell A0003.oib,NA,419.345,163.784,0.109,0.338,NA,TRUE
2022-02-02,P3 CS3,A,W2,LS3,cAMP,cAMP,16,CPVT-HET,10794,20220202 P3 CS3 Cell A0003.oib,NA,772.804,274.725,0.115,0.331,NA,TRUE
2022-02-02,P3 CS3,A,W3,LS3,cAMP,cAMP,16,CPVT-HET,10794,20220202 P3 CS3 Cell A0003.oib,NA,NA,NA,0.2663,0.3357,NOTE: the program crash here. SR Ca2+ baseline and wave calculated manually.,TRUE
2022-02-02,P4 CS1,A,W1,LS3,Fab,Fab,5,CPVT-HET,10794,20220202 P4 CS1 Cell A0003.oib,NA,1202.851,65.708,0.048,0.165,NA,TRUE
2022-02-02,P4 CS1,A,W2,LS3,Fab,Fab,5,CPVT-HET,10794,20220202 P4 CS1 Cell A0003.oib,NA,724.533,111.574,0.059,0.145,NA,TRUE
2022-02-02,P4 CS1,A,W1,LS2,Fab,Fab,5,CPVT-HET,10794,20220202 P4 CS1 Cell A0002.oib,NA,-10337.484,181.722,0.074,0.195,"tau is negative, calculated wrong by the macro",TRUE
2022-02-02,P4 CS1,A,W2,LS2,Fab,Fab,5,CPVT-HET,10794,20220202 P4 CS1 Cell A0002.oib,NA,380.688,NA,0.04,0.165,NA,TRUE
2022-02-02,P4 CS3,A,W1,LS2,cAMP,cAMP,18,CPVT-HET,10794,20220202 P4 CS3 Cell A0002.oib,NA,-1877.773,758.481,0.094,0.231,NA,TRUE
2022-02-02,P4 CS3,A,W2,LS2,cAMP,cAMP,18,CPVT-HET,10794,20220202 P4 CS3 Cell A0002.oib,NA,532.893,210.863,0.084,0.218,NA,TRUE
2022-02-02,P4 CS3,A,W1,LS2,cAMP,cAMP,18,CPVT-HET,10794,20220202 P4 CS3 Cell A0003.oib,NA,921.445,215.586,0.097,0.23,NA,TRUE
2022-02-02,P4 CS4,A,W1,LS2,Vehicle,Vehicle,11,CPVT-HET,10794,20220202 P4 CS4 Cell A0002.oib,NA,2660.286,696.289,0.309,0.708,NA,TRUE
2022-02-02,P4 CS4,A,W2,LS2,Vehicle,Vehicle,11,CPVT-HET,10794,20220202 P4 CS4 Cell A0002.oib,NA,2119.062,555.99,0.277,0.69,NA,TRUE
2022-02-07,P1 CS1,A,W1,LS2,Vehicle,Vehicle,5,CPVT-HET,10787,20220207 P1 CS1 Cell A0002.oib,NA,4664.727,625.598,0.217,0.445,NA,TRUE
2022-02-07,P1 CS1,A,W1,LS3,Vehicle,Vehicle,5,CPVT-HET,10787,20220207 P1 CS1 Cell A0003.oib,NA,5042.253,248.452,0.182,0.46,NA,TRUE
2022-02-07,P1 CS1,A,W2,LS3,Vehicle,Vehicle,5,CPVT-HET,10787,20220207 P1 CS1 Cell A0003.oib,NA,1945.859,186.383,0.208,0.468,NA,TRUE
2022-02-07,P1 CS2,A,W1,LS2,Vehicle,Vehicle,10,CPVT-HET,10787,20220207 P1 CS2 Cell A0002.oib,NA,90.261,53.324,0.131,0.5,NA,TRUE
2022-02-07,P1 CS2,A,W2,LS2,Vehicle,Vehicle,10,CPVT-HET,10787,20220207 P1 CS2 Cell A0002.oib,NA,4596.007,234.426,0.137,0.285,NA,TRUE
2022-02-07,P1 CS2,A,W1,LS3,Vehicle,Vehicle,10,CPVT-HET,10787,20220207 P1 CS2 Cell A0003.oib,NA,NA,NA,0.2444,0.3084,NOTE: the program crash here. SR Ca2+ baseline and wave calculated manually.,TRUE
2022-02-07,P1 CS2,A,W2,LS3,Vehicle,Vehicle,10,CPVT-HET,10787,20220207 P1 CS2 Cell A0003.oib,NA,-980.379,NA,0.084,0.276,NA,TRUE
2022-02-07,P1 CS3,A,W1,LS3,Vehicle,Vehicle,18,CPVT-HET,10787,20220207 P1 CS3 Cell A0003.oib,NA,NA,NA,0.4279,0.5626,NOTE: the program crash here. SR Ca2+ baseline and wave calculated manually.,TRUE
2022-02-07,P1 CS3,A,W2,LS3,Vehicle,Vehicle,18,CPVT-HET,10787,20220207 P1 CS3 Cell A0003.oib,NA,1264.181,309.637,0.199,0.571,NA,TRUE
2022-02-07,P2 CS1,A,W1,LS3,cAMP,cAMP,5,CPVT-HET,10787,20220207 P2 CS1 Cell A0003.oib,NA,454.231,176.02,0.1,0.257,NA,TRUE
2022-02-07,P2 CS1,A,W2,LS3,cAMP,cAMP,5,CPVT-HET,10787,20220207 P2 CS1 Cell A0003.oib,NA,834.934,52.066,0.104,0.255,NA,TRUE
2022-02-07,P2 CS1,A,W3,LS3,cAMP,cAMP,5,CPVT-HET,10787,20220207 P2 CS1 Cell A0003.oib,NA,1909.765,-122.549,0.095,0.237,NA,TRUE
2022-02-07,P2 CS2,A,W1,LS3,cAMP,cAMP,15,CPVT-HET,10787,20220207 P2 CS2 Cell A0003.oib,NA,NA,NA,NA,0.1436,NOTE: SR signal n posible to resolve. Only calculating the SR Ca2+ at bseline manually,TRUE
2022-02-07,P2 CS2,A,W2,LS3,cAMP,cAMP,15,CPVT-HET,10787,20220207 P2 CS2 Cell A0003.oib,NA,NA,NA,NA,0.1558,NOTE: SR signal n posible to resolve. Only calculating the SR Ca2+ at bseline manually,TRUE
2022-02-07,P2 CS2,A,W3,LS3,cAMP,cAMP,15,CPVT-HET,10787,20220207 P2 CS2 Cell A0003.oib,NA,NA,NA,NA,0.124,NOTE: SR signal n posible to resolve. Only calculating the SR Ca2+ at bseline manually,TRUE
2022-02-07,P2 CS2,A,W4,LS3,cAMP,cAMP,15,CPVT-HET,10787,20220207 P2 CS2 Cell A0003.oib,NA,NA,NA,NA,0.1288,NOTE: SR signal n posible to resolve. Only calculating the SR Ca2+ at bseline manually,TRUE
2022-02-07,P3 CS1,A,W1,LS3,Fab,Fab,5,CPVT-HET,10787,20220207 P3 CS1 Cell A0003.oib,NA,NA,NA,0.3039,0.4013,NOTE: the program crash here. SR Ca2+ baseline and wave calculated manually.,TRUE
2022-02-07,P3 CS1,A,W2,LS3,Fab,Fab,5,CPVT-HET,10787,20220207 P3 CS1 Cell A0003.oib,NA,-2344.126,606.704,0.133,0.387,NA,TRUE
2022-02-07,P3 CS1,A,W1,LS4,Fab,Fab,5,CPVT-HET,10787,20220207 P3 CS1 Cell A0004.oib,NA,-14166.842,220.745,0.12,0.394,NA,TRUE
2022-02-07,P3 CS1,A,W2,LS4,Fab,Fab,5,CPVT-HET,10787,20220207 P3 CS1 Cell A0004.oib,NA,1378.046,359.957,0.142,0.337,NA,TRUE
2022-02-07,P3 CS2,A,W1,LS3,Fab,Fab,10,CPVT-HET,10787,20220207 P3 CS2 Cell A0003.oib,NA,NA,NA,0.2129,0.3074,NOTE: the program crash here. SR Ca2+ baseline and wave calculated manually.,TRUE
2022-02-07,P3 CS2,A,W2,LS3,Fab,Fab,10,CPVT-HET,10787,20220207 P3 CS2 Cell A0003.oib,NA,-27990.292,423.163,0.107,0.267,NA,TRUE
2022-02-07,P3 CS2,A,W1,LS2,Fab,Fab,10,CPVT-HET,10787,20220207 P3 CS2 Cell A0002.oib,NA,NA,NA,0.2154,0.2984,NOTE: the program crash here. SR Ca2+ baseline and wave calculated manually.,TRUE
2022-02-07,P3 CS3,A,W1,LS2,Vehicle,Vehicle,10,CPVT-HET,10787,20220207 P3 CS3 Cell A0002.oib,NA,862.57,-3.475,0.091,0.288,NA,TRUE
2022-02-07,P3 CS3,A,W1,LS3,Vehicle,Vehicle,10,CPVT-HET,10787,20220207 P3 CS3 Cell A0003.oib,NA,-322.785,NA,0.084,0.282,negative tau calculated with the macro!,TRUE
2022-02-07,P3 CS3,A,W2,LS3,Vehicle,Vehicle,10,CPVT-HET,10787,20220207 P3 CS3 Cell A0003.oib,NA,NA,NA,NA,0.2534,"NOTE: siganl too low , no posible to determine the wave nadir. Calculating SR baseline manually",TRUE
2022-02-08,P1 CS1,A,W1,LS2,Vehicle,Vehicle,7,CPVT-WT,10796,20220208 P1 CS1 Cell A0002.oib,NA,111.882,63.577,0.259,0.333,NA,TRUE
2022-02-08,P1 CS1,A,W2,LS2,Vehicle,Vehicle,7,CPVT-WT,10796,20220208 P1 CS1 Cell A0002.oib,NA,278.671,141.472,0.184,0.303,NA,TRUE
2022-02-08,P1 CS1,A,W3,LS2,Vehicle,Vehicle,7,CPVT-WT,10796,20220208 P1 CS1 Cell A0002.oib,NA,2052.592,-276.631,0.2,0.307,NA,TRUE
2022-02-08,P1 CS3,A,W1,LS2,Vehicle,Vehicle,18,CPVT-WT,10796,20220208 P1 CS3 Cell A0002.oib,NA,NA,NA,0.1466,0.2031,NOTE: the program crash here. SR Ca2+ baseline and wave calculated manually.,TRUE
2022-02-08,P1 CS3,A,W2,LS2,Vehicle,Vehicle,18,CPVT-WT,10796,20220208 P1 CS3 Cell A0002.oib,NA,NA,NA,0.1339,0.2022,NA,TRUE
2022-02-08,P1 CS3,A,W3,LS2,Vehicle,Vehicle,18,CPVT-WT,10796,20220208 P1 CS3 Cell A0002.oib,NA,NA,NA,0.1368,0.1924,NA,TRUE
2022-02-08,P1 CS4,A,W1,LS1,Vehicle,Vehicle,25,CPVT-WT,10796,20220208 P1 CS4 Cell A0001.oib,NA,841.855,205.028,0.05,0.233,NA,TRUE
2022-02-08,P2 CS1,A,W1,LS3,cAMP,cAMP,5,CPVT-WT,10796,20220208 P2 CS1 Cell A0003.oib,NA,458.217,53.128,0.096,0.226,NA,TRUE
2022-02-08,P2 CS1,A,W2,LS3,cAMP,cAMP,5,CPVT-WT,10796,20220208 P2 CS1 Cell A0003.oib,NA,NA,NA,NA,0.2292,NOTE: Signal to low to analyze. only calculating the SR Ca2+ at bseline manually,TRUE
2022-02-08,P2 CS1,A,W1,LS2,cAMP,cAMP,5,CPVT-WT,10796,20220208 P2 CS1 Cell A0002.oib,NA,NA,NA,0.1986,0.2539,NA,TRUE
2022-02-08,P2 CS1,A,W2,LS2,cAMP,cAMP,5,CPVT-WT,10796,20220208 P2 CS1 Cell A0002.oib,NA,1256.141,118.934,0.067,0.245,NA,TRUE
2022-02-08,P2 CS3,A,W1,LS2,cAMP,cAMP,16,CPVT-WT,10796,20220208 P2 CS3 Cell A0002.oib,NA,1356.041,211.839,0.072,0.236,NA,TRUE
2022-02-08,P2 CS3,A,W2,LS2,cAMP,cAMP,16,CPVT-WT,10796,20220208 P2 CS3 Cell A0002.oib,NA,635.098,2.318,0.076,0.24,NA,TRUE
2022-02-08,P2 CS3,A,W3,LS2,cAMP,cAMP,16,CPVT-WT,10796,20220208 P2 CS3 Cell A0002.oib,NA,NA,NA,0.0854,0.2272,NOTE: the program crash here. SR Ca2+ baseline and wave calculated manually.,TRUE
